AK,1,II,10
AK,1,II,24
AK,1,PW,5
AK,1,PW,7
AK,1,PW,12
AL,1,AS,28
AL,1,AS,29
AL,1,ED,10
AL,1,ED,13
AL,1,RU,2
AL,1,RU,4
AL,2,AP,2
AL,2,AP,7
AL,2,AP,19
AL,2,JU,8
AL,3,AG,16
AL,3,AG,22
AL,3,AS,3
AL,3,AS,29
AL,3,HM,7
AL,3,HM,11
AL,4,AP,1
AL,4,AP,2
AL,4,AP,19
AL,5,AS,25
AL,5,AS,29
AL,5,FA,5
AL,5,FA,7
AL,5,SY,16
AL,5,SY,18
AL,5,SY,20
AL,6,GO,28
AL,6,GO,29
AL,6,SY,18
AL,6,SY,20
AL,7,IG,2
AL,7,IG,4
AL,7,WM,2
AL,7,WM,3
AR,1,AG,3
AR,1,AG,16
AR,1,IG,3
AR,1,IG,4
AR,1,PW,2
AR,1,PW,12
AR,1,PW,13
AR,2,BA,1
AR,2,BA,16
AR,2,BA,20
AR,3,AP,2
AR,3,AP,7
AR,3,AP,18
AR,4,II,10
AR,4,II,15
AR,4,PW,5
AR,4,PW,12
AR,4,PW,14
AQ,1,II,15
AQ,1,II,24
AQ,1,SM,25
AQ,1,SM,26
AQ,1,VR,3
AQ,1,VR,9
AZ,1,AG,15
AZ,1,AG,16
AZ,1,AG,22
AZ,1,AS,6
AZ,1,AS,25
AZ,2,AS,2
AZ,2,AS,3
AZ,2,AS,25
AZ,2,HM,11
AZ,2,HM,12
AZ,3,ED,10
AZ,3,ED,14
AZ,4,GO,6
AZ,4,GO,28
AZ,4,II,6
AZ,4,II,13
AZ,5,JU,1
AZ,5,JU,3
AZ,5,SY,16
AZ,5,SY,18
AZ,6,WM,1
AZ,6,WM,3
AZ,6,WM,5
AZ,7,AS,2
AZ,7,AS,25
AZ,7,II,10
AZ,7,II,15
AZ,7,II,24
AZ,9,BA,1
AZ,9,BA,16
CA,1,AG,15
CA,1,AG,22
CA,1,II,13
CA,1,II,24
CA,1,PW,2
CA,1,PW,5
CA,1,PW,12
CA,2,II,6
CA,2,II,13
CA,2,II,15
CA,2,PW,2
CA,2,PW,7
CA,2,PW,12
CA,3,AS,28
CA,3,AS,29
CA,3,PW,2
CA,3,PW,7
CA,3,PW,14
CA,4,II,10
CA,4,II,13
CA,5,WM,2
CA,5,WM,5
CA,6,IF,14
CA,6,IF,16
CA,6,IF,17
CA,6,IF,18
CA,7,FA,5
CA,7,FA,16
CA,7,SY,15
CA,7,SY,16
CA,8,AS,25
CA,8,AS,28
CA,8,FA,7
CA,8,FA,18
CA,8,II,6
CA,8,II,24
CA,9,IF,3
CA,9,IF,16
CA,9,IF,18
CA,9,SY,20
CA,9,SY,21
CA,10,AG,14
CA,10,AG,15
CA,10,II,13
CA,10,II,24
CA,10,PW,5
CA,10,PW,12
CA,10,PW,14
CA,11,ED,10
CA,11,ED,13
CA,11,GO,6
CA,11,GO,29
CA,11,PW,12
CA,11,PW,14
CA,13,AP,4
CA,13,AP,7
CA,13,AP,18
CA,14,AS,2
CA,14,AS,26
CA,14,IG,2
CA,14,IG,3
CA,15,IG,1
CA,15,IG,3
CA,15,JU,3
CA,15,JU,5
CA,16,AG,14
CA,16,AG,29
CA,16,II,6
CA,16,II,13
CA,17,AS,3
CA,17,AS,29
CA,18,IF,14
CA,18,IF,16
CA,19,JU,1
CA,19,JU,3
CA,19,SY,16
CA,19,SY,20
CA,20,AG,3
CA,20,AG,14
CA,20,AS,6
CA,20,AS,25
CA,21,AP,1
CA,21,AP,18
CA,21,AP,20
CA,22,WM,2
CA,22,WM,4
CA,24,AS,3
CA,24,AS,25
CA,25,AS,25
CA,25,AS,28
CA,25,SM,23
CA,25,SM,27
CA,25,SY,15
CA,25,SY,16
CA,25,SY,20
CA,26,PW,2
CA,26,PW,5
CA,26,PW,12
CA,26,VR,3
CA,26,VR,9
CA,27,SM,27
CA,27,WM,2
CA,27,WM,3
CA,29,IF,14
CA,29,IF,17
CA,29,IF,18
CA,30,BA,4
CA,30,BA,16
CA,30,BA,20
CA,30,FA,5
CA,30,FA,14
CA,31,AP,10
CA,31,AP,20
CA,32,II,13
CA,32,PW,2
CA,32,PW,5
CA,32,PW,12
CA,32,PW,14
CA,33,FA,13
CA,33,JU,3
CA,33,JU,8
CA,35,FA,7
CA,35,FA,18
CA,35,RU,4
CA,36,IF,2
CA,36,IF,16
CA,36,IF,18
CA,37,FA,16
CA,37,JU,3
CA,37,JU,8
CA,38,WM,1
CA,38,WM,5
CA,39,BA,4
CA,39,BA,15
CA,40,AP,7
CA,40,AP,15
CA,41,ED,10
CA,41,ED,13
CA,41,SY,20
CA,41,VR,3
CA,41,VR,10
CA,42,AP,2
CA,42,AP,6
CA,42,AP,10
CA,43,BA,1
CA,43,BA,4
CA,43,BA,9
CA,43,BA,15
CA,43,BA,16
CA,43,BA,20
CA,44,HM,9
CA,44,HM,11
CA,44,II,6
CA,44,II,13
CA,45,IF,2
CA,45,IF,16
CA,45,IF,17
CA,46,HM,9
CA,46,HM,11
CA,46,VR,3
CA,46,VR,10
CA,47,II,6
CA,47,II,10
CA,47,PW,2
CA,47,PW,7
CA,47,PW,12
CA,48,FA,5
CA,48,FA,14
CA,48,SY,16
CA,48,SY,18
CA,48,SY,20
CA,49,FA,13
CA,49,FA,18
CA,49,GO,25
CA,49,GO,27
CA,49,JU,3
CA,49,JU,5
CA,51,BA,1
CA,51,BA,16
CA,51,BA,20
CA,52,IF,2
CA,52,IF,3
CA,52,IF,18
CA,52,VR,8
CA,52,VR,11
CA,53,AS,28
CA,53,AS,29
CA,53,ED,13
CA,53,ED,14
CO,1,IF,2
CO,1,IF,14
CO,1,IF,18
CO,2,ED,13
CO,2,ED,14
CO,2,RU,2
CO,3,BA,1
CO,3,BA,9
CO,3,BA,15
CO,3,II,6
CO,3,II,10
CO,4,JU,1
CO,4,JU,5
CO,4,RU,2
CO,5,AS,26
CO,5,AS,29
CO,5,II,6
CO,5,II,13
CO,6,AS,2
CO,6,AS,29
CO,6,VR,9
CO,6,VR,11
CO,7,BA,1
CO,7,SY,16
CO,7,SY,21
CT,1,WM,1
CT,1,WM,5
CT,2,AS,3
CT,2,AS,28
CT,2,ED,2
CT,2,ED,13
CT,3,AP,1
CT,3,AP,7
CT,4,BA,1
CT,4,BA,16
CT,4,IG,1
CT,4,IG,2
CT,5,PW,2
CT,5,PW,12
CT,5,PW,14
CT,5,SY,15
CT,5,VR,9
DC,1,GO,24
DC,1,GO,27
DC,1,PW,5
DC,1,PW,12
DC,1,PW,13
DE,1,AG,14
DE,1,AG,16
DE,1,ED,2
DE,1,ED,13
FL,1,AS,6
FL,1,AS,25
FL,1,JU,3
FL,1,JU,5
FL,2,AG,14
FL,2,AG,16
FL,2,SY,16
FL,2,SY,20
FL,2,VR,3
FL,2,VR,8
FL,3,AG,3
FL,3,AG,14
FL,3,AG,29
FL,3,FA,5
FL,3,FA,7
FL,4,AP,4
FL,4,AP,18
FL,4,AP,20
FL,4,JU,3
FL,4,JU,8
FL,5,AG,3
FL,5,AG,14
FL,5,AG,16
FL,5,SM,23
FL,5,SM,25
FL,5,SM,26
FL,7,AS,3
FL,7,AS,26
FL,7,SM,23
FL,7,SM,27
FL,8,BA,4
FL,8,BA,15
FL,8,SY,16
FL,8,SY,18
FL,8,SY,21
FL,9,AG,3
FL,9,AG,22
FL,9,II,6
FL,9,II,15
FL,9,II,24
FL,10,HM,8
FL,10,HM,11
FL,10,JU,5
FL,10,JU,8
FL,11,II,10
FL,11,II,13
FL,11,PW,2
FL,11,PW,5
FL,11,PW,14
FL,11,SY,15
FL,11,SY,16
FL,11,SY,20
FL,12,IF,14
FL,12,IF,16
FL,12,IF,17
FL,12,VR,3
FL,12,VR,10
FL,13,BA,9
FL,13,BA,15
FL,13,BA,20
FL,13,SY,16
FL,13,SY,18
FL,14,IF,2
FL,14,IF,3
FL,14,IF,14
FL,15,BA,4
FL,15,BA,9
FL,15,BA,15
FL,15,GO,24
FL,15,GO,28
FL,16,WM,1
FL,16,WM,2
FL,16,WM,5
FL,17,AP,1
FL,17,AP,4
FL,17,AP,18
FL,17,IG,1
FL,17,IG,2
FL,18,FA,13
FL,18,FA,18
FL,18,PW,2
FL,18,PW,7
FL,18,PW,13
FL,18,VR,3
FL,18,VR,10
FL,19,ED,2
FL,19,ED,10
FL,19,FA,7
FL,19,FA,14
FL,20,RU,2
FL,21,FA,13
FL,21,FA,18
FL,21,PW,2
FL,21,PW,12
FL,22,FA,5
FL,22,FA,13
FL,22,JU,3
FL,22,JU,10
FL,23,AP,10
FL,23,AP,18
FL,23,AP,24
FL,24,ED,2
FL,24,ED,14
FL,24,PW,2
FL,24,PW,12
FL,24,PW,14
FL,25,AP,2
FL,25,AP,4
FL,25,AP,20
FL,26,WM,3
FL,26,WM,6
FL,27,FA,7
FL,27,FA,13
FL,27,IG,1
FL,27,IG,2
GA,1,IF,2
GA,1,IF,14
GA,1,IF,18
GA,2,AP,1
GA,2,AP,18
GA,2,AP,23
GA,3,ED,2
GA,3,ED,10
GA,3,PW,2
GA,3,PW,12
GA,3,PW,13
GA,4,JU,3
GA,4,JU,5
GA,4,PW,5
GA,4,PW,12
GA,4,PW,13
GA,5,WM,6
GA,7,PW,2
GA,7,PW,5
GA,7,PW,12
GA,7,RU,2
GA,8,AG,16
GA,8,AG,22
GA,8,AS,3
GA,8,AS,6
GA,8,AS,26
GA,9,JU,3
GA,9,JU,5
GA,9,RU,4
GA,10,AS,26
GA,10,AS,29
GA,10,GO,6
GA,10,GO,24
GA,10,II,6
GA,10,II,13
GA,11,BA,9
GA,11,BA,15
GA,12,AG,15
GA,12,AG,16
GA,12,ED,2
GA,12,ED,13
GA,13,AG,16
GA,13,AG,22
GA,13,BA,15
GA,13,BA,16
GA,14,AP,2
GA,14,AP,20
GA,14,AP,23
GU,1,AS,3
GU,1,AS,28
GU,1,II,13
GU,1,II,24
HI,1,AS,28
HI,1,AS,29
HI,1,II,10
HI,1,II,24
HI,1,SY,18
HI,2,AS,3
HI,2,AS,26
HI,2,FA,5
HI,2,FA,13
IA,1,GO,24
IA,1,SM,24
IA,1,SM,25
IA,2,IF,3
IA,2,IF,16
IA,3,AP,1
IA,3,AP,20
IA,3,AP,23
IA,4,AG,3
IA,4,AG,29
IA,4,JU,1
IA,4,JU,10
IA,4,SM,23
IA,4,SM,25
ID,1,II,10
ID,1,II,15
ID,1,JU,1
ID,1,JU,3
ID,2,AP,6
ID,2,AP,7
ID,2,AP,10
IL,1,IF,3
IL,1,IF,16
IL,2,FA,7
IL,2,FA,14
IL,2,GO,25
IL,2,GO,27
IL,3,PW,5
IL,3,PW,12
IL,3,PW,14
IL,3,SY,15
IL,3,SY,16
IL,3,SY,20
IL,4,JU,1
IL,5,AP,20
IL,5,AP,23
IL,5,IG,2
IL,5,IG,3
IL,6,WM,2
IL,6,WM,5
IL,7,WM,3
IL,7,WM,4
IL,8,ED,10
IL,8,ED,13
IL,8,GO,25
IL,8,GO,27
IL,9,IF,2
IL,9,IF,14
IL,9,IF,17
IL,10,FA,13
IL,10,FA,18
IL,10,JU,3
IL,10,JU,5
IL,10,SM,25
IL,11,BA,1
IL,11,BA,16
IL,11,BA,20
IL,11,SY,16
IL,11,SY,20
IL,12,AG,15
IL,12,AG,16
IL,12,PW,2
IL,12,PW,12
IL,12,PW,13
IL,12,VR,8
IL,12,VR,9
IL,13,AG,3
IL,13,AG,14
IL,13,AG,22
IL,13,PW,2
IL,13,PW,5
IL,13,PW,12
IL,14,BA,4
IL,14,BA,16
IL,14,SY,15
IL,14,SY,16
IL,14,SY,20
IL,15,IF,3
IL,15,IF,14
IL,15,IF,16
IL,15,IF,18
IL,16,FA,5
IL,16,FA,13
IL,16,IF,3
IL,16,IF,16
IL,16,IF,17
IL,17,AG,16
IL,17,AG,29
IL,17,PW,2
IL,17,PW,5
IL,17,PW,12
IL,17,PW,14
IL,18,WM,1
IL,18,WM,3
IL,18,WM,6
IN,1,AP,2
IN,1,AP,10
IN,2,WM,3
IN,2,WM,6
IN,3,AS,6
IN,3,AS,25
IN,3,ED,2
IN,3,ED,13
IN,3,VR,9
IN,3,VR,10
IN,3,VR,11
IN,4,ED,2
IN,4,ED,14
IN,4,PW,2
IN,4,PW,5
IN,4,PW,14
IN,5,IF,2
IN,5,IF,14
IN,5,IF,16
IN,6,BA,1
IN,6,BA,9
IN,6,BA,16
IN,6,ED,13
IN,6,ED,14
IN,7,IG,3
IN,7,IG,4
IN,7,PW,5
IN,7,PW,14
IN,8,IF,3
IN,8,IF,14
IN,8,IF,17
IN,9,BA,9
IN,9,BA,16
IN,9,BA,20
KS,1,AG,3
KS,1,AG,22
KS,1,AG,29
KS,1,SM,24
KS,1,SM,26
KS,1,SY,15
KS,1,SY,21
KS,2,WM,2
KS,2,WM,6
KS,3,AP,1
KS,3,AP,15
KS,3,AP,23
KY,1,AG,3
KY,1,AG,22
KY,1,GO,6
KY,1,GO,28
KY,2,ED,13
KY,2,IF,14
KY,2,IF,16
KY,2,IF,17
KY,4,GO,24
KY,4,GO,29
KY,4,PW,2
KY,4,PW,5
KY,4,PW,12
KY,4,SY,16
KY,4,SY,21
KY,5,AP,2
KY,5,AP,4
KY,5,AP,19
KY,6,BA,15
KY,6,BA,20
LA,1,IF,16
LA,2,HM,8
LA,2,HM,11
LA,2,JU,3
LA,2,JU,8
LA,3,HM,9
LA,3,HM,11
LA,3,SY,16
LA,3,SY,18
LA,3,SY,21
LA,3,VR,3
LA,4,II,13
LA,4,II,15
LA,4,JU,1
LA,4,JU,8
LA,5,AG,15
LA,5,AG,16
LA,5,AS,2
LA,5,AS,26
LA,5,AS,28
LA,5,SY,16
LA,5,SY,21
LA,6,II,6
LA,6,II,13
LA,6,PW,2
LA,6,PW,7
LA,6,PW,12
MA,2,AG,3
MA,2,AG,14
MA,2,RU,4
MA,3,AS,2
MA,3,AS,25
MA,3,II,6
MA,3,II,10
MA,4,IF,3
MA,4,IF,14
MA,4,IF,17
MA,5,AP,7
MA,5,AP,20
MA,6,AS,6
MA,6,AS,28
MA,7,BA,4
MA,7,BA,9
MA,7,BA,15
MA,7,PW,5
MA,7,PW,12
MA,7,PW,14
MA,8,BA,1
MA,8,BA,16
MA,8,GO,6
MA,8,GO,25
MA,9,FA,14
MA,9,FA,18
MA,9,HM,5
MA,9,HM,7
MD,1,AP,1
MD,1,AP,7
MD,1,AP,15
MD,2,AP,2
MD,2,AP,4
MD,2,AP,15
MD,3,GO,6
MD,3,IF,3
MD,3,IF,14
MD,4,AS,3
MD,4,AS,25
MD,4,II,6
MD,4,II,10
MD,6,BA,1
MD,6,BA,4
MD,7,PW,7
MD,7,PW,14
MD,8,GO,25
MD,8,GO,28
MD,8,GO,29
MD,8,JU,1
MD,8,JU,8
MD,8,JU,10
ME,1,AP,1
ME,1,AP,6
ME,2,BA,1
ME,2,BA,16
ME,2,VR,8
MI,1,II,6
MI,1,II,10
MI,1,II,24
MI,1,VR,8
MI,1,VR,9
MI,1,VR,11
MI,2,BA,16
MI,2,BA,20
MI,3,GO,6
MI,3,GO,25
MI,4,AP,7
MI,4,AP,23
MI,4,AP,24
MI,5,BA,1
MI,5,BA,4
MI,5,BA,20
MI,6,IF,3
MI,6,IF,14
MI,6,IF,17
MI,7,ED,2
MI,7,IF,2
MI,7,IF,3
MI,7,IF,18
MI,8,WM,1
MI,8,WM,6
MI,9,WM,2
MI,9,WM,4
MI,10,AS,28
MI,10,AS,29
MI,10,GO,25
MI,10,GO,27
MI,10,PW,5
MI,10,PW,12
MI,10,PW,14
MI,11,BA,4
MI,11,BA,9
MI,11,BA,15
MI,12,IF,16
MI,12,IF,17
MI,12,IF,18
MI,14,GO,24
MI,14,PW,2
MI,14,PW,5
MI,14,PW,12
MN,1,AG,15
MN,1,AG,16
MN,2,ED,2
MN,2,ED,13
MN,2,PW,5
MN,2,PW,7
MN,2,PW,14
MN,3,WM,2
MN,3,WM,4
MN,4,AP,2
MN,4,AP,6
MN,4,AP,24
MN,5,BA,9
MN,5,BA,15
MN,5,BA,16
MN,6,BA,1
MN,6,BA,16
MN,6,BA,20
MN,8,AG,15
MN,8,AG,16
MN,8,PW,5
MN,8,PW,12
MN,8,PW,14
MO,1,BA,4
MO,1,BA,15
MO,1,GO,24
MO,1,GO,29
MO,1,II,15
MO,2,BA,9
MO,2,BA,16
MO,2,FA,5
MO,2,FA,13
MO,3,BA,4
MO,3,BA,15
MO,3,SM,25
MO,3,SM,26
MO,4,AG,3
MO,4,AG,29
MO,4,AS,3
MO,4,AS,6
MO,4,AS,28
MO,5,BA,4
MO,5,BA,9
MO,6,AS,25
MO,6,AS,29
MO,6,PW,5
MO,6,PW,12
MO,6,PW,14
MO,7,IF,3
MO,7,IF,14
MO,7,IF,16
MO,8,WM,4
MO,8,WM,5
MP,1,ED,2
MP,1,ED,13
MP,1,II,13
MP,1,II,24
MS,1,AG,15
MS,1,AG,29
MS,1,AS,2
MS,1,AS,3
MS,1,AS,25
MS,1,SM,24
MS,1,SM,27
MS,3,IF,2
MS,3,IF,3
MS,3,IF,18
MS,4,AP,1
MS,4,AP,15
MS,4,AP,19
NC,1,IF,3
NC,1,IF,14
NC,1,IF,16
NC,2,WM,4
NC,2,WM,5
NC,3,AS,2
NC,3,AS,25
NC,4,AP,4
NC,4,AP,15
NC,4,AP,20
NC,5,GO,6
NC,5,GO,29
NC,6,GO,27
NC,6,GO,29
NC,7,AG,3
NC,7,AG,14
NC,7,AG,29
NC,7,PW,2
NC,7,PW,7
NC,7,PW,12
NC,8,IF,3
NC,8,IF,14
NC,8,IF,18
NC,9,BA,1
NC,9,BA,15
NC,9,BA,20
NC,10,BA,9
NC,10,BA,16
NC,11,FA,13
NC,11,FA,16
NC,11,GO,24
NC,11,GO,27
NC,11,PW,5
NC,11,PW,12
NC,11,PW,14
NC,12,AG,3
NC,12,ED,10
NC,12,ED,13
NC,12,SM,24
NC,13,BA,1
NC,13,BA,4
NC,13,BA,16
ND,1,IF,3
ND,1,IF,16
ND,1,IF,18
NE,1,AP,4
NE,1,AP,10
NE,1,AP,24
NE,2,AG,14
NE,2,AG,16
NE,2,AS,2
NE,2,AS,25
NE,2,HM,8
NE,2,HM,11
NE,3,WM,2
NE,3,WM,3
NH,1,AS,2
NH,1,AS,3
NH,1,ED,2
NH,1,ED,10
NH,2,AG,15
NH,2,AG,22
NH,2,VR,3
NH,2,VR,8
NJ,1,AS,28
NJ,1,AS,29
NJ,1,ED,2
NJ,1,ED,10
NJ,2,AS,25
NJ,2,AS,26
NJ,2,IG,1
NJ,2,IG,3
NJ,2,PW,5
NJ,2,PW,7
NJ,2,PW,12
NJ,3,BA,4
NJ,3,BA,16
NJ,4,FA,7
NJ,4,FA,16
NJ,5,BA,1
NJ,5,BA,9
NJ,5,BA,16
NJ,7,IF,14
NJ,7,IF,16
NJ,7,IF,17
NJ,8,FA,7
NJ,8,FA,14
NJ,8,PW,12
NJ,8,PW,13
NJ,8,PW,14
NJ,9,WM,1
NJ,9,WM,4
NJ,10,HM,7
NJ,10,HM,12
NJ,10,PW,5
NJ,10,PW,12
NJ,10,PW,14
NJ,12,GO,24
NJ,12,GO,27
NJ,12,HM,7
NJ,12,HM,12
NM,1,AG,3
NM,1,AG,14
NM,2,BA,1
NM,2,BA,4
NM,2,II,6
NM,2,II,10
NM,3,IF,14
NM,3,IF,17
NV,1,FA,5
NV,1,FA,18
NV,1,PW,2
NV,1,PW,5
NV,1,PW,12
NV,1,PW,13
NV,2,AP,6
NV,2,AP,23
NV,2,AP,24
NV,3,AS,2
NV,3,AS,25
NV,3,SY,15
NV,3,SY,20
NV,4,BA,1
NV,4,BA,4
NY,1,BA,1
NY,1,BA,4
NY,1,BA,9
NY,1,FA,13
NY,1,FA,18
NY,2,BA,9
NY,2,BA,16
NY,2,HM,5
NY,2,HM,12
NY,2,IG,1
NY,2,IG,3
NY,3,AS,6
NY,3,AS,25
NY,3,FA,13
NY,3,FA,16
NY,4,HM,5
NY,4,HM,9
NY,4,VR,8
NY,4,VR,10
NY,5,BA,15
NY,5,BA,16
NY,5,BA,20
NY,5,FA,7
NY,5,FA,14
NY,6,AP,4
NY,6,AP,19
NY,7,BA,4
NY,7,BA,15
NY,7,II,6
NY,7,II,24
NY,8,JU,3
NY,8,JU,8
NY,9,IF,2
NY,9,IF,16
NY,9,IF,17
NY,9,SM,23
NY,9,SM,27
NY,11,FA,13
NY,11,FA,16
NY,11,HM,8
NY,11,HM,12
NY,12,BA,1
NY,12,BA,15
NY,12,BA,16
NY,12,GO,24
NY,13,ED,2
NY,13,ED,13
NY,13,FA,7
NY,13,SM,26
NY,14,WM,1
NY,14,WM,6
NY,15,AP,10
NY,15,AP,19
NY,15,AP,23
NY,16,IF,14
NY,16,IF,16
NY,17,AP,4
NY,18,AG,3
NY,18,AG,16
NY,18,AG,22
NY,18,PW,2
NY,18,PW,5
NY,18,PW,12
NY,19,AG,3
NY,19,AG,22
NY,19,PW,12
NY,19,PW,13
NY,19,PW,14
NY,20,IF,2
NY,20,IF,3
NY,20,IF,18
NY,20,SY,20
NY,21,AS,3
NY,21,AS,26
NY,21,ED,10
NY,21,ED,13
NY,21,IG,2
NY,21,IG,4
NY,22,BA,9
NY,22,BA,15
NY,22,BA,20
NY,23,WM,2
NY,23,WM,4
NY,24,HM,7
NY,24,HM,8
NY,24,PW,2
NY,24,PW,12
NY,24,PW,14
NY,26,WM,2
NY,26,WM,4
OH,1,FA,5
OH,1,FA,13
OH,1,JU,3
OH,1,JU,8
OH,2,IG,3
OH,2,IG,4
OH,2,WM,3
OH,2,WM,6
OH,3,BA,4
OH,3,BA,9
OH,4,GO,24
OH,4,GO,27
OH,4,JU,1
OH,4,JU,3
OH,5,IF,3
OH,5,IF,14
OH,5,IF,16
OH,5,IF,17
OH,6,IF,3
OH,6,IF,16
OH,6,IF,18
OH,7,AG,14
OH,7,AG,16
OH,7,PW,2
OH,7,PW,5
OH,7,PW,12
OH,8,BA,1
OH,8,BA,16
OH,8,BA,20
OH,9,AP,2
OH,9,AP,6
OH,9,AP,10
OH,10,AS,25
OH,10,AS,29
OH,10,IG,2
OH,10,IG,4
OH,11,AG,3
OH,11,AG,15
OH,11,ED,2
OH,11,ED,14
OH,13,AP,2
OH,13,AP,18
OH,13,AP,24
OH,14,AP,6
OH,14,AP,10
OH,14,AP,20
OH,15,BA,4
OH,15,BA,16
OH,16,WM,5
OK,2,IF,3
OK,2,IF,14
OK,2,IF,17
OK,3,AG,15
OK,3,AG,16
OK,3,BA,15
OK,3,BA,20
OK,3,SY,15
OK,3,SY,16
OK,3,SY,20
OK,4,AP,2
OK,4,AP,6
OK,4,AP,7
OK,5,AS,2
OK,5,AS,3
OK,5,GO,6
OK,5,GO,25
OR,1,ED,2
OR,1,ED,14
OR,1,SY,15
OR,1,SY,18
OR,3,WM,2
OR,3,WM,5
OR,3,WM,6
OR,5,IF,3
OR,5,IF,14
PA,1,AS,2
PA,2,AG,3
PA,2,AG,29
PA,2,SM,23
PA,2,SM,27
PA,3,WM,1
PA,3,WM,2
PA,3,WM,4
PA,4,FA,5
PA,4,FA,18
PA,4,HM,5
PA,4,HM,9
PA,4,PW,5
PA,4,PW,12
PA,4,PW,14
PA,5,AG,3
PA,5,AG,15
PA,5,ED,13
PA,5,ED,14
PA,5,II,6
PA,5,II,10
PA,6,IF,2
PA,6,IF,16
PA,6,IF,17
PA,8,FA,13
PA,8,FA,14
PA,8,HM,7
PA,8,HM,8
PA,8,SM,26
PA,8,SM,27
PA,9,AS,26
PA,10,FA,5
PA,10,FA,14
PA,10,JU,3
PA,10,JU,5
PA,11,ED,2
PA,11,ED,13
PA,11,HM,5
PA,11,HM,11
PA,11,PW,12
PA,11,PW,13
PA,11,PW,14
PA,12,BA,1
PA,12,BA,4
PA,12,BA,15
PA,12,JU,3
PA,12,JU,8
PA,13,FA,13
PA,13,FA,18
PA,14,IF,3
PA,14,IF,16
PA,16,ED,2
PA,16,ED,13
PA,16,PW,5
PA,16,PW,12
PA,16,PW,14
PA,17,AP,19
PA,17,AP,23
PA,17,GO,29
PR,1,II,15
PR,1,II,24
PR,1,SM,26
PR,1,SM,27
PR,1,VR,3
PR,1,VR,8
RI,1,FA,13
RI,1,FA,14
RI,1,JU,3
RI,1,JU,5
RI,2,AS,25
RI,2,AS,26
RI,2,AS,28
RI,2,HM,8
RI,2,HM,12
SC,1,GO,24
SC,1,GO,27
SC,1,GO,29
SC,1,PW,2
SC,1,PW,5
SC,1,PW,14
SC,2,AS,3
SC,2,AS,26
SC,2,ED,2
SC,2,ED,10
SC,2,FA,14
SC,2,FA,18
SC,3,IF,3
SC,3,IF,17
SC,3,IF,18
SC,4,IG,2
SC,4,IG,3
SC,4,JU,3
SC,4,JU,8
SC,7,WM,1
SC,7,WM,4
SC,7,WM,5
SD,1,WM,4
SD,1,WM,5
TN,1,ED,2
TN,1,ED,14
TN,2,GO,6
TN,2,GO,29
TN,2,PW,5
TN,2,PW,12
TN,2,PW,14
TN,3,AP,7
TN,3,AP,10
TN,3,AP,15
TN,4,AG,3
TN,4,AG,16
TN,4,AG,29
TN,4,AS,3
TN,4,AS,28
TN,4,GO,27
TN,5,AS,25
TN,5,AS,26
TN,5,AS,29
TN,5,GO,27
TN,6,WM,2
TN,7,IF,14
TN,7,IF,16
TN,7,IF,18
TN,8,BA,1
TN,8,BA,9
TN,8,BA,15
TN,9,JU,3
TN,9,JU,10
TN,9,PW,5
TN,9,PW,12
TN,9,PW,14
TX,1,II,6
TX,1,II,15
TX,1,JU,8
TX,1,JU,10
TX,2,FA,14
TX,2,FA,18
TX,2,JU,3
TX,2,JU,8
TX,3,WM,1
TX,3,WM,2
TX,4,HM,8
TX,4,HM,9
TX,4,JU,5
TX,4,JU,8
TX,5,BA,1
TX,5,BA,4
TX,5,BA,9
TX,5,BA,15
TX,5,BA,16
TX,5,BA,20
TX,6,IF,2
TX,6,IF,3
TX,6,IF,14
TX,6,IF,18
TX,7,AP,15
TX,7,AP,19
TX,7,AP,20
TX,9,BA,9
TX,9,BA,15
TX,9,BA,20
TX,10,FA,7
TX,11,AS,6
TX,11,AS,28
TX,11,IG,1
TX,11,IG,2
TX,12,AP,2
TX,12,AP,4
TX,12,AP,10
TX,14,PW,2
TX,14,PW,7
TX,14,PW,14
TX,14,SY,18
TX,14,SY,20
TX,15,BA,4
TX,15,BA,9
TX,15,BA,16
TX,16,AS,26
TX,16,AS,29
TX,16,VR,3
TX,16,VR,10
TX,17,IF,3
TX,17,IF,16
TX,17,IF,18
TX,17,VR,3
TX,17,VR,10
TX,18,HM,5
TX,18,HM,8
TX,18,JU,1
TX,18,JU,8
TX,19,AG,3
TX,19,AG,14
TX,19,AG,16
TX,19,VR,8
TX,19,VR,10
TX,20,FA,7
TX,20,FA,16
TX,20,IG,1
TX,20,IG,4
TX,21,HM,11
TX,21,JU,1
TX,21,JU,3
TX,22,IF,3
TX,22,IF,16
TX,22,IF,18
TX,23,GO,25
TX,23,HM,5
TX,23,HM,11
TX,23,IG,3
TX,23,IG,4
TX,24,WM,2
TX,24,WM,4
TX,24,WM,6
TX,25,BA,1
TX,25,BA,15
TX,25,BA,20
TX,26,IF,2
TX,26,IF,14
TX,26,IF,17
TX,26,RU,2
TX,28,AP,2
TX,28,AP,15
TX,29,IF,3
TX,29,IF,14
TX,29,IF,17
TX,29,IF,18
TX,30,PW,2
TX,30,PW,5
TX,30,PW,12
TX,31,AP,2
TX,31,AP,18
TX,31,AP,19
TX,32,RU,4
TX,33,AS,25
TX,33,AS,26
TX,33,SY,16
TX,33,SY,20
TX,34,AG,15
TX,34,AG,29
TX,34,HM,11
TX,35,WM,3
TX,35,WM,4
TX,35,WM,5
TX,36,PW,2
TX,36,PW,12
TX,36,PW,14
TX,36,SY,16
TX,36,SY,18
UT,1,AS,3
UT,1,AS,25
UT,2,AP,4
UT,2,AP,6
UT,2,AP,23
UT,2,IG,1
UT,2,IG,4
UT,4,BA,1
UT,4,BA,15
UT,4,BA,20
VA,1,AS,25
VA,1,AS,28
VA,1,II,6
VA,1,II,13
VA,2,AP,15
VA,2,AP,18
VA,2,AP,24
VA,4,AS,3
VA,4,AS,28
VA,4,II,10
VA,4,II,15
VA,5,ED,13
VA,5,ED,14
VA,5,FA,16
VA,5,FA,18
VA,5,HM,9
VA,5,HM,12
VA,6,AG,22
VA,6,AG,29
VA,7,ED,10
VA,7,ED,14
VA,7,SM,26
VA,7,SM,27
VA,8,II,6
VA,8,II,13
VA,8,SY,15
VA,8,SY,16
VA,8,SY,21
VA,9,IF,2
VA,9,IF,3
VA,9,IF,14
VA,10,PW,5
VA,10,PW,12
VA,10,PW,13
VA,10,SY,15
VA,10,SY,16
VA,11,FA,5
VA,11,FA,13
VA,11,GO,24
VA,11,GO,25
VI,1,AG,16
VI,1,AG,22
VI,1,AG,29
VI,1,GO,27
VI,1,GO,28
VI,1,PW,7
VI,1,PW,13
VT,1,GO,6
VT,1,IF,3
VT,1,IF,16
VT,1,IF,17
WA,1,WM,5
WA,1,WM,6
WA,2,AS,26
WA,2,AS,29
WA,2,PW,5
WA,2,PW,7
WA,3,AP,7
WA,3,AP,10
WA,3,AP,23
WA,4,AP,10
WA,4,AP,15
WA,4,AP,24
WA,4,RU,2
WA,4,RU,4
WA,5,IF,14
WA,6,AP,6
WA,6,AP,19
WA,7,JU,1
WA,7,JU,3
WA,8,WM,3
WA,8,WM,4
WA,8,WM,5
WA,10,BA,15
WA,10,BA,20
WA,10,IG,1
WA,10,IG,4
WI,2,AP,1
WI,2,AP,7
WI,3,WM,2
WI,3,WM,4
WI,4,BA,9
WI,4,BA,15
WI,4,BA,20
WI,5,FA,14
WI,5,FA,16
WI,5,JU,1
WI,5,JU,8
WI,6,ED,10
WI,6,ED,13
WI,6,GO,27
WI,6,GO,29
WI,7,BA,4
WI,7,BA,16
WI,8,AS,3
WI,8,AS,28
WI,8,HM,5
WI,8,HM,8
WI,8,PW,12
WI,8,PW,13
WI,8,PW,14
WV,1,IF,3
WV,1,IF,17
WV,1,IF,18
WV,2,BA,16
WV,2,BA,20
WY,1,AS,6
WY,1,AS,26
WY,1,II,6
WY,1,II,10
WY,1,RU,4