AK,1,Don,Young,R,1,0.6435,49.45,43.24,55.63,,R,1
AK,1,Alyse,S.Galvin,D,0,0.3565,46.02,39.78,52.23,,D,0
AK,1,Others,Others,,0,0,4.53,1.8,7.84,,,0
AL,1,Bradley,Byrne,R,1,0.9956,65.19,58.44,71.93,,R,1
AL,1,Robert,KennedyJr.,D,0,0.0044,34.81,28.07,41.56,,D,0
AL,2,Martha,Roby,R,1,0.9966,66.38,59.38,73.3,,R,1
AL,2,Tabitha,Isner,D,0,0.0034,33.62,26.7,40.62,,D,0
AL,3,Mike,Rogers,R,1,0.9973,66.67,59.98,73.33,,R,1
AL,3,Mallory,Hagan,D,0,0.0027,33.33,26.67,40.02,,D,0
AL,4,Robert,B.Aderholt,R,1,1,79.43,72.81,86.07,,R,1
AL,4,Lee,Auman,D,0,0,20.57,13.93,27.19,,D,0
AL,5,Mo,Brooks,R,1,0.9974,67.04,60.12,73.85,,R,1
AL,5,Peter,Joffrion,D,0,0.0026,32.96,26.15,39.88,,D,0
AL,6,Gary,Palmer,R,1,0.9999,73.71,67.25,80.16,,R,1
AL,6,Danner,Kline,D,0,0.0001,26.29,19.84,32.75,,D,0
AL,7,Terri,A.Sewell,D,1,1,100,100,100,,D,1
AR,1,Rick,Crawford,R,1,0.9924,60.99,54.43,67.56,,R,1
AR,1,Chintan,Desai,D,0,0.0076,35.15,28.55,41.7,,D,0
AR,1,Elvis,Presley,L,0,0,3.85,1.4,6.79,,L,0
AR,2,French,Hill,R,1,0.8594,52.82,47.63,57.99,,R,1
AR,2,Clarke,Tucker,D,0,0.1405,44.39,39.18,49.57,,D,0
AR,2,Joe,RyneSwafford,L,0,0,2.79,0.91,5.1,,L,0
AR,3,Steve,Womack,R,1,0.9872,58.26,52.61,63.92,,R,1
AR,3,Josh,Mahony,D,0,0.0128,38.29,32.58,43.93,,D,0
AR,3,Michael,Kalagias,L,0,0,3.46,1.22,6.19,,L,0
AR,4,Bruce,Westerman,R,1,0.9896,59.6,53.26,65.91,,R,1
AR,4,Hayden,Shamel,D,0,0.0104,36.46,30.15,42.78,,D,0
AR,4,Tom,Canada,L,0,0,3.94,1.47,6.89,,L,0
AZ,1,Tom,O'Halleran,D,1,0.7203,52.26,47.17,57.34,,D,1
AZ,1,Wendy,Rogers,R,0,0.2797,47.74,42.66,52.83,,R,0
AZ,2,Ann,Kirkpatrick,D,0,0.8627,54.25,49.26,59.25,,D,0
AZ,2,Lea,MarquezPeterson,R,0,0.1373,45.75,40.75,50.74,,R,0
AZ,3,Raul,Grijalva,D,1,0.9996,72.14,64.84,79.28,,D,1
AZ,3,Nick,Pierson,R,0,0.0004,27.86,20.72,35.16,,R,0
AZ,4,Paul,A.Gosar,R,1,0.997,62.57,56.14,68.91,,R,1
AZ,4,David,Brill,D,0,0.0029,33.47,27.15,39.89,,D,0
AZ,4,Haryaksha,GregorKnauer,G,0,0,3.96,1.48,6.95,,G,0
AZ,5,Andy,Biggs,R,1,0.9919,64.35,57.25,71.48,,R,1
AZ,5,Joan,Greene,D,0,0.0081,35.65,28.52,42.75,,D,0
AZ,6,David,Schweikert,R,1,0.9427,56.54,51.32,61.77,,R,1
AZ,6,Anita,Malik,D,0,0.0573,43.46,38.23,48.68,,D,0
AZ,7,Ruben,Gallego,D,1,1,86.62,80.32,92.38,,D,1
AZ,7,Gary,Swing,G,0,0,13.38,7.62,19.68,,G,0
AZ,8,Debbie,Lesko,R,1,0.9064,55.91,50.17,61.73,,R,1
AZ,8,Hiral,Tipirneni,D,0,0.0936,44.09,38.27,49.83,,D,0
AZ,9,Greg,Stanton,D,0,0.9432,58.56,51.74,65.34,,D,0
AZ,9,Steve,Ferrara,R,0,0.0568,41.44,34.66,48.26,,R,0
CA,1,Doug,LaMalfa,R,1,0.9726,61.27,54.05,68.44,,R,1
CA,1,Audrey,Denney,D,0,0.0274,38.73,31.56,45.95,,D,0
CA,2,Jared,Huffman,D,1,1,81.15,75.2,87.17,,D,1
CA,2,Dale,K.Mensing,R,0,0,18.85,12.83,24.8,,R,0
CA,3,John,Garamendi,D,1,0.9963,65.97,59.21,72.76,,D,1
CA,3,Charlie,Schaupp,R,0,0.0037,34.03,27.24,40.79,,R,0
CA,4,Tom,McClintock,R,1,0.8387,54.19,48.68,59.76,,R,1
CA,4,Jessica,Morse,D,0,0.1613,45.81,40.24,51.32,,D,0
CA,5,Mike,Thompson,D,1,0.9999,80.52,73.61,87.04,,D,1
CA,5,Anthony,Mills,I,0,0.0001,19.48,12.96,26.39,,I,0
CA,6,Doris,O.Matsui,D,1,1,78.4,73.68,83.17,,D,1
CA,6,Jrmar,Jefferson,D,0,0,21.6,16.83,26.32,,D,0
CA,7,Ami,Bera,D,1,0.9664,58.1,52.6,63.57,,D,1
CA,7,Andrew,Grant,R,0,0.0336,41.9,36.43,47.4,,R,0
CA,8,Paul,Cook,R,1,0.9662,60.09,52.99,67.16,,R,1
CA,8,Tim,Donnelly,R,0,0.0338,39.91,32.84,47.01,,R,0
CA,9,Jerry,McNerney,D,1,0.9985,68.01,61.3,74.73,,D,1
CA,9,Marla,Livengood,R,0,0.0015,31.99,25.27,38.7,,R,0
CA,10,Josh,Harder,D,0,0.6102,51.08,46.09,56.01,,D,0
CA,10,Jeff,Denham,R,1,0.3898,48.92,43.99,53.91,,R,1
CA,11,Mark,DeSaulnier,D,1,1,80.89,74.44,87.42,,D,1
CA,11,John,Fitzgerald,R,0,0,19.11,12.58,25.56,,R,0
CA,12,Nancy,Pelosi,D,1,1,91.67,86.78,96.54,,D,1
CA,12,Lisa,Remmer,R,0,0,8.33,3.46,13.22,,R,0
CA,13,Barbara,Lee,D,1,1,90.16,84.64,95.07,,D,1
CA,13,Laura,Wells,G,0,0,9.84,4.93,15.36,,G,0
CA,14,Jackie,Speier,D,1,1,84.88,78.77,90.98,,D,1
CA,14,Cristina,Osme√±a,R,0,0,15.12,9.02,21.23,,R,0
CA,15,Eric,Swalwell,D,1,0.9999,80.05,73.51,86.53,,D,1
CA,15,Rudy,L.PetersJr.,R,0,0.0001,19.95,13.47,26.49,,R,0
CA,16,Jim,Costa,D,1,0.9474,57.72,51.65,63.85,,D,1
CA,16,Elizabeth,Heng,R,0,0.0526,42.28,36.15,48.35,,R,0
CA,17,Ro,Khanna,D,1,1,82.99,75.71,90.28,,D,1
CA,17,Ron,Cohen,R,0,0,17.01,9.72,24.29,,R,0
CA,18,Anna,G.Eshoo,D,1,1,82.41,75.64,89.15,,D,1
CA,18,Christine,Russell,R,0,0,17.59,10.85,24.36,,R,0
CA,19,Zoe,Lofgren,D,1,1,81.97,75.61,88.41,,D,1
CA,19,Justin,JamesAguilera,R,0,0,18.03,11.59,24.39,,R,0
CA,20,Jimmy,Panetta,D,1,0.9997,76.99,69.96,83.74,,D,1
CA,20,Ronald,PaulKabat,I,0,0.0003,23.01,16.26,30.04,,I,0
CA,21,David,Valadao,R,1,0.7417,53.24,46.74,59.75,,R,1
CA,21,TJ,Cox,D,0,0.2583,46.76,40.25,53.26,,D,0
CA,22,Devin,Nunes,R,1,0.9003,54.88,50.01,59.7,,R,1
CA,22,Andrew,Janz,D,0,0.0997,45.12,40.3,49.99,,D,0
CA,23,Kevin,McCarthy,R,1,0.9941,65.17,58.13,72.19,,R,1
CA,23,Tatiana,Matta,D,0,0.0059,34.83,27.81,41.87,,D,0
CA,24,Salud,Carbajal,D,1,0.947,57.99,51.82,64.24,,D,1
CA,24,Justin,Fareed,R,0,0.053,42.01,35.76,48.18,,R,0
CA,25,Steve,Knight,R,1,0.6812,51.72,46.98,56.47,,R,1
CA,25,Katie,Hill,D,0,0.3188,48.28,43.53,53.02,,D,0
CA,26,Julia,Brownley,D,1,0.9979,68.79,61.58,75.9,,D,1
CA,26,Antonio,SabatoJr.,R,0,0.0021,31.21,24.1,38.42,,R,0
CA,27,Judy,Chu,D,1,1,75.47,70.36,80.63,,D,1
CA,27,Bryan,Witt,D,0,0,24.53,19.37,29.64,,D,0
CA,28,Adam,Schiff,D,1,1,81.75,75.72,87.82,,D,1
CA,28,Johnny,J.Nalbandian,R,0,0,18.25,12.18,24.28,,R,0
CA,29,Tony,C√°rdenas,D,1,1,85.33,78.79,91.93,,D,1
CA,29,Benito,BennyBernal,R,0,0,14.67,8.07,21.21,,R,0
CA,30,Brad,Sherman,D,1,1,78.56,72.11,84.99,,D,1
CA,30,Mark,S.Reed,R,0,0,21.44,15.01,27.89,,R,0
CA,31,Pete,Aguilar,D,1,0.9987,68.41,61.52,75.33,,D,1
CA,31,Sean,Flynn,R,0,0.0013,31.59,24.67,38.48,,R,0
CA,32,Grace,Napolitano,D,1,0.9999,76.35,69.55,83.09,,D,1
CA,32,Joshua,M.Scott,R,0,0.0001,23.65,16.91,30.45,,R,0
CA,33,Ted,Lieu,D,1,0.9999,77.27,70.06,84.45,,D,1
CA,33,Kenneth,WestonWright,R,0,0.0001,22.73,15.55,29.94,,R,0
CA,34,Jimmy,Gomez,D,1,0.9999,81.84,74.97,88.29,,D,1
CA,34,Kenneth,Mejia,G,0,0.0001,18.16,11.71,25.03,,G,0
CA,35,Norma,Torres,D,1,1,77.33,70.59,84.12,,D,1
CA,35,Christian,LeonelValiente,R,0,0,22.67,15.88,29.41,,R,0
CA,36,Raul,Ruiz,D,1,0.9877,62.85,56.02,69.75,,D,1
CA,36,Kimberlin,BrownPelzer,R,0,0.0123,37.15,30.25,43.98,,R,0
CA,37,Karen,Bass,D,1,1,90.84,86.06,95.61,,D,1
CA,37,Ron,J.Bassilian,R,0,0,9.16,4.39,13.94,,R,0
CA,38,Linda,S√°nchez,D,1,1,76.52,69.88,83.28,,D,1
CA,38,Ryan,Downing,R,0,0,23.48,16.72,30.12,,R,0
CA,39,Young,Kim,R,0,0.5558,50.55,45.62,55.45,,R,0
CA,39,Gil,Cisneros,D,0,0.4442,49.45,44.55,54.38,,D,0
CA,40,Lucille,Roybal-Allard,D,1,0.9996,77.4,70.39,84.12,,D,1
CA,40,Rodolfo,CortesBarragan,G,0,0.0004,22.6,15.88,29.61,,G,0
CA,41,Mark,Takano,D,1,0.9995,71.76,64.73,78.79,,D,1
CA,41,Aja,Smith,R,0,0.0005,28.24,21.21,35.27,,R,0
CA,42,Ken,Calvert,R,1,0.9594,59.9,52.81,66.96,,R,1
CA,42,Julia,C.Peacock,D,0,0.0406,40.1,33.04,47.19,,D,0
CA,43,Maxine,Waters,D,1,1,85.77,79.73,91.85,,D,1
CA,43,Omar,Navarro,R,0,0,14.23,8.15,20.27,,R,0
CA,44,Nanette,DiazBarrag√°n,D,1,1,72.65,67.13,78.13,,D,1
CA,44,Aja,L.Brown,D,0,0,27.35,21.87,32.87,,D,0
CA,45,Katie,Porter,D,0,0.5441,50.41,45.48,55.36,,D,0
CA,45,Mimi,Walters,R,1,0.4559,49.59,44.64,54.52,,R,1
CA,46,J.,LuisCorrea,D,1,0.9998,75.15,68.2,82.11,,D,1
CA,46,Russell,ReneLambert,R,0,0.0002,24.85,17.89,31.8,,R,0
CA,47,Alan,Lowenthal,D,1,0.9998,73.13,66.43,79.75,,D,1
CA,47,John,Briscoe,R,0,0.0002,26.87,20.25,33.57,,R,0
CA,48,Dana,Rohrabacher,R,1,0.6185,51.19,46.01,56.4,,R,1
CA,48,Harley,Rouda,D,0,0.3815,48.81,43.6,53.99,,D,0
CA,49,Mike,Levin,D,0,0.9535,56.44,51.57,61.28,,D,0
CA,49,Diane,L.Harkey,R,0,0.0465,43.56,38.72,48.43,,R,0
CA,50,Duncan,D.Hunter,R,1,0.742,52.37,47.55,57.08,,R,1
CA,50,Ammar,Campa-Najjar,D,0,0.258,47.63,42.92,52.45,,D,0
CA,51,Juan,Vargas,D,1,0.9999,80.14,73.13,87.19,,D,1
CA,51,Juan,M.HidalgoJr.,R,0,0.0001,19.86,12.81,26.87,,R,0
CA,52,Scott,Peters,D,1,0.9986,68.96,61.94,76.07,,D,1
CA,52,Omar,Qudrat,R,0,0.0014,31.04,23.93,38.06,,R,0
CA,53,Susan,Davis,D,1,0.9999,74.7,68.25,81.24,,D,1
CA,53,Morgan,Murtaugh,R,0,0.0001,25.3,18.76,31.75,,R,0
CO,1,Diana,DeGette,D,1,1,78.19,71.68,84.68,,D,1
CO,1,Charles,CasperStockham,R,0,0,17.52,10.99,23.99,,R,0
CO,1,Others,Others,,0,0,4.29,1.64,7.41,,,0
CO,2,Joe,Neguse,D,0,0.9938,62.85,55.51,70.06,,D,0
CO,2,Peter,Yu,R,0,0.0062,32.52,25.16,39.83,,R,0
CO,2,Others,Others,,0,0,4.64,1.83,8,,,0
CO,3,Scott,Tipton,R,1,0.9243,54.24,48.48,59.96,,R,1
CO,3,Diane,MitschBush,D,0,0.0757,41.81,36.07,47.52,,D,0
CO,3,Others,Others,,0,0,3.95,1.47,6.93,,,0
CO,4,Ken,Buck,R,1,0.9853,62.7,55.63,69.71,,R,1
CO,4,Karen,McCormick,D,0,0.0147,37.3,30.29,44.37,,D,0
CO,5,Doug,Lamborn,R,1,0.9885,63.54,56.46,70.61,,R,1
CO,5,Stephany,RoseSpaulding,D,0,0.0115,36.46,29.39,43.54,,D,0
CO,6,Jason,Crow,D,0,0.8728,52.28,47.33,57.21,,D,0
CO,6,Mike,Coffman,R,1,0.1272,43.94,38.97,48.85,,R,1
CO,6,Others,Others,,0,0,3.77,1.38,6.69,,,0
CO,7,Ed,Perlmutter,D,1,0.9975,65.03,57.91,72.16,,D,1
CO,7,Mark,Barrington,R,0,0.0025,31.05,23.91,38.14,,R,0
CO,7,Others,Others,,0,0,3.91,1.45,6.88,,,0
CT,1,John,B.Larson,D,1,0.9999,71.02,64.3,77.78,,D,1
CT,1,Jennifer,Nye,R,0,0.0001,26.18,19.4,32.82,,R,0
CT,1,Tom,McCormick,G,0,0,2.8,0.92,5.12,,G,0
CT,2,Joe,Courtney,D,1,0.9959,63.92,57.03,70.79,,D,1
CT,2,Dan,Postemski,R,0,0.0041,33.1,26.22,39.94,,R,0
CT,2,Others,Others,,0,0,2.97,0.99,5.43,,,0
CT,3,Rosa,L.DeLauro,D,1,0.999,69.88,63.13,76.62,,D,1
CT,3,Angel,Cadena,R,0,0.001,30.12,23.38,36.87,,R,0
CT,4,Jim,Himes,D,1,0.9994,70.15,63.17,77.02,,D,1
CT,4,Harry,Arora,R,0,0.0006,29.85,22.98,36.83,,R,0
CT,5,Jahana,Hayes,D,0,0.8953,56.83,49.86,63.67,,D,0
CT,5,Manny,Santos,R,0,0.1047,43.17,36.33,50.14,,R,0
DE,1,Lisa,BluntRochester,D,1,0.986,58.76,53.91,63.61,,D,1
DE,1,Scott,Walker,R,0,0.014,41.24,36.39,46.09,,R,0
FL,1,Matt,Gaetz,R,1,0.9997,72.46,65.72,79.15,,R,1
FL,1,Jennifer,Zimmerman,D,0,0.0003,27.54,20.85,34.28,,D,0
FL,2,Neal,Dunn,R,1,0.999,70.07,63.05,76.97,,R,1
FL,2,Bob,Rackleff,D,0,0.001,29.93,23.03,36.95,,D,0
FL,3,Ted,Yoho,R,1,0.972,60.81,53.79,67.77,,R,1
FL,3,Yvonne,HayesHinson,D,0,0.028,39.19,32.23,46.21,,D,0
FL,4,John,Rutherford,R,1,0.9978,66.03,59,72.97,,R,1
FL,4,George,GesSelmont,D,0,0.0022,30.79,23.87,37.8,,D,0
FL,4,Others,Others,,0,0,3.18,1.08,5.76,,,0
FL,5,Al,Lawson,D,1,0.9996,71.58,64.85,78.35,,D,1
FL,5,Virginia,Fuller,R,0,0.0004,28.42,21.65,35.15,,R,0
FL,6,Michael,Waltz,R,0,0.6982,51.87,47.04,56.71,,R,0
FL,6,Nancy,Soderberg,D,0,0.3018,48.13,43.29,52.96,,D,0
FL,7,Stephanie,Murphy,D,1,0.8357,54.36,48.6,60.16,,D,1
FL,7,Mike,Miller,R,0,0.1643,45.64,39.84,51.4,,R,0
FL,8,Bill,Posey,R,1,0.9828,62.36,55.27,69.47,,R,1
FL,8,Sanjay,Patel,D,0,0.0172,37.64,30.53,44.73,,D,0
FL,9,Darren,Soto,D,1,0.9015,55.24,50.04,60.48,,D,1
FL,9,Wayne,Liebnitzky,R,0,0.0985,44.76,39.52,49.96,,R,0
FL,10,Val,Demings,D,1,1,100,100,100,,D,1
FL,11,Daniel,Webster,R,1,0.9975,67.34,60.17,74.45,,R,1
FL,11,Dana,Cottrell,D,0,0.0025,32.66,25.55,39.83,,D,0
FL,12,Gus,M.Bilirakis,R,1,0.9505,56.07,50.19,61.87,,R,1
FL,12,Chris,Hunter,D,0,0.0495,41.06,35.24,46.92,,D,0
FL,12,Angelika,Purkis,N,0,0,2.88,0.95,5.27,,N,0
FL,13,Charlie,Crist,D,1,0.9889,62.98,56.11,69.82,,D,1
FL,13,George,Buck,R,0,0.0111,37.02,30.18,43.89,,R,0
FL,14,Kathy,Castor,D,1,1,100,100,100,,D,1
FL,15,Ross,Spano,R,0,0.5549,50.39,46.67,54.15,,R,0
FL,15,Kristen,Carlson,D,0,0.4451,49.61,45.85,53.33,,D,0
FL,16,Vern,Buchanan,R,1,0.8479,53.49,49.11,57.83,,R,1
FL,16,David,Shapiro,D,0,0.1521,46.51,42.17,50.89,,D,0
FL,17,Greg,Steube,R,0,0.9632,60.4,53.17,67.65,,R,0
FL,17,April,Freeman,D,0,0.0368,39.6,32.35,46.83,,D,0
FL,18,Brian,Mast,R,1,0.8649,54.12,49.29,58.9,,R,1
FL,18,Lauren,Baer,D,0,0.1351,45.88,41.1,50.71,,D,0
FL,19,Francis,Rooney,R,1,0.9451,57.55,51.59,63.51,,R,1
FL,19,David,Holden,D,0,0.0549,42.45,36.49,48.41,,D,0
FL,20,Alcee,L.Hastings,D,1,1,100,100,100,,D,1
FL,21,Lois,Frankel,D,1,1,100,100,100,,D,1
FL,22,Ted,Deutch,D,1,0.9968,66.69,59.83,73.62,,D,1
FL,22,Nicolas,Kimaz,R,0,0.0032,33.31,26.38,40.17,,R,0
FL,23,Debbie,WassermanSchultz,D,1,0.9995,69.69,62.79,76.76,,D,1
FL,23,Joe,Kaufman,R,0,0.0005,27.27,20.21,34.18,,R,0
FL,23,Others,Others,,0,0,3.04,1.03,5.55,,,0
FL,24,Frederica,Wilson,D,1,1,100,100,100,,D,1
FL,25,Mario,Diaz-Balart,R,1,0.8008,54.11,47.77,60.47,,R,1
FL,25,Mary,BarzeeFlores,D,0,0.1992,45.89,39.53,52.23,,D,0
FL,26,Carlos,Curbelo,R,1,0.5168,50.16,45.2,55.1,,R,1
FL,26,Debbie,Mucarsel-Powell,D,0,0.4832,49.84,44.9,54.8,,D,0
FL,27,Donna,Shalala,D,0,0.6529,50.01,44.51,55.56,,D,0
FL,27,Maria,Salazar,R,0,0.347,46.81,41.24,52.35,,R,0
FL,27,Mayra,Joli,N,0,0,3.18,1.08,5.76,,N,0
GA,1,Buddy,Carter,R,1,0.9804,61.31,54.62,68.05,,R,1
GA,1,Lisa,M.Ring,D,0,0.0196,38.69,31.95,45.38,,D,0
GA,2,Sanford,D.BishopJr.,D,1,0.9961,65.81,58.95,72.63,,D,1
GA,2,Herman,WestJr.,R,0,0.0039,34.19,27.37,41.05,,R,0
GA,3,A.,DrewFerguson,R,1,0.9991,69.63,62.95,76.34,,R,1
GA,3,Chuck,Enderlin,D,0,0.0009,30.37,23.66,37.05,,D,0
GA,4,Hank,Johnson,D,1,1,81.91,75.9,87.98,,D,1
GA,4,Joe,Profit,R,0,0,18.09,12.02,24.1,,R,0
GA,5,John,Lewis,D,1,1,100,100,100,,D,1
GA,6,Karen,C.Handel,R,1,0.7613,52.92,47.57,58.23,,R,1
GA,6,Lucy,McBath,D,0,0.2387,47.08,41.77,52.43,,D,0
GA,7,Rob,Woodall,R,1,0.9415,55.84,51.08,60.55,,R,1
GA,7,Carolyn,Bourdeaux,D,0,0.0585,44.16,39.45,48.92,,D,0
GA,8,Austin,Scott,R,1,1,100,100,100,,R,1
GA,9,Doug,Collins,R,1,1,81.19,74.7,87.66,,R,1
GA,9,Josh,McCall,D,0,0,18.81,12.34,25.3,,D,0
GA,10,Jody,Hice,R,1,0.9975,66.53,59.92,73.14,,R,1
GA,10,Tabitha,A.Johnson-Green,D,0,0.0025,33.47,26.86,40.08,,D,0
GA,11,Barry,Loudermilk,R,1,0.9982,67.89,61.01,74.74,,R,1
GA,11,Flynn,D.BroadyJr.,D,0,0.0018,32.11,25.26,38.99,,D,0
GA,12,Rick,Allen,R,1,0.9743,61.13,54.03,68.11,,R,1
GA,12,Francys,Johnson,D,0,0.0257,38.87,31.89,45.97,,D,0
GA,13,David,Scott,D,1,1,78.19,71.84,84.56,,D,1
GA,13,David,Callahan,R,0,0,21.81,15.44,28.16,,R,0
GA,14,Tom,Graves,R,1,1,78.37,71.87,84.86,,R,1
GA,14,Steven,LamarFoster,D,0,0,21.63,15.14,28.13,,D,0
HI,1,Ed,Case,D,0,0.9993,69.51,61.5,77.49,,D,0
HI,1,Cam,Cavasso,R,0,0.0007,25.57,17.58,33.53,,R,0
HI,1,Others,Others,,0,0,4.93,1.99,8.37,,,0
HI,2,Tulsi,Gabbard,D,1,1,78.24,71.2,85.28,,D,1
HI,2,Brian,Evans,R,0,0,21.76,14.72,28.8,,R,0
IA,1,Abby,Finkenauer,D,0,0.8037,51.65,46.61,56.69,,D,0
IA,1,Rod,Blum,R,1,0.1963,45.26,40.14,50.28,,R,1
IA,1,Troy,Hageman,L,0,0,3.09,1.06,5.6,,L,0
IA,2,David,Loebsack,D,1,0.9722,56.42,50.79,62.03,,D,1
IA,2,Christopher,Peters,R,0,0.0278,39.7,34.01,45.33,,R,0
IA,2,Others,Others,,0,0,3.88,1.44,6.84,,,0
IA,3,Cindy,Axne,D,0,0.5432,48.26,43.29,53.23,,D,0
IA,3,David,Young,R,1,0.4568,47.44,42.46,52.38,,R,1
IA,3,Others,Others,,0,0,4.3,1.66,7.48,,,0
IA,4,Steve,King,R,1,0.7586,50.96,45.73,56.22,,R,1
IA,4,J.D.,Scholten,D,0,0.2414,45.47,40.17,50.66,,D,0
IA,4,Others,Others,,0,0,3.57,1.28,6.35,,,0
ID,1,Russ,Fulcher,R,0,0.9239,52.31,44.68,59.83,,R,0
ID,1,Cristina,McNeil,D,0,0.0761,36.41,28.84,43.99,,D,0
ID,1,Others,Others,,0,0,11.28,6.44,16.66,,,0
ID,2,Mike,Simpson,R,1,0.9775,61.5,54.42,68.58,,R,1
ID,2,Aaron,Swisher,D,0,0.0225,38.5,31.42,45.58,,D,0
IL,1,Bobby,L.Rush,D,1,1,82.82,76.87,88.74,,D,1
IL,1,Thomas,Rudbeck,I,0,0,3.48,1.23,6.24,,I,0
IL,1,Jimmy,LeeTillmanII,R,0,0,13.7,7.74,19.63,,R,0
IL,2,Robin,Kelly,D,1,1,85.96,80.14,91.77,,D,1
IL,2,David,Merkle,R,0,0,14.04,8.23,19.86,,R,0
IL,3,Daniel,Lipinski,D,1,0.9977,67.23,60.45,74.06,,D,1
IL,3,Arthur,J.Jones,R,0,0.0023,32.77,25.94,39.55,,R,0
IL,4,Jesus,ChuyGarcia,D,0,1,83.12,76.39,89.83,,D,0
IL,4,Mark,WayneLorch,R,0,0,16.88,10.17,23.61,,R,0
IL,5,Mike,Quigley,D,1,1,80.17,73.65,86.75,,D,1
IL,5,Tom,Hanson,R,0,0,19.83,13.25,26.35,,R,0
IL,6,Sean,Casten,D,0,0.5521,50.48,45.48,55.55,,D,0
IL,6,Peter,J.Roskam,R,1,0.4479,49.52,44.45,54.52,,R,1
IL,7,Danny,K.Davis,D,1,1,91.85,87.47,96.22,,D,1
IL,7,Craig,Cameron,R,0,0,8.15,3.78,12.53,,R,0
IL,8,Raja,Krishnamoorthi,D,1,0.999,69.94,62.81,77.08,,D,1
IL,8,Jitendra,JDDiganvker,R,0,0.001,30.06,22.92,37.19,,R,0
IL,9,Jan,Schakowsky,D,1,1,79.58,73.1,86.05,,D,1
IL,9,John,D.Elleson,R,0,0,20.42,13.95,26.9,,R,0
IL,10,Bradley,Schneider,D,1,0.9995,72.67,65.7,79.48,,D,1
IL,10,Douglas,R.Bennett,R,0,0.0005,27.33,20.52,34.3,,R,0
IL,11,Bill,Foster,D,1,0.9994,70.61,63.7,77.57,,D,1
IL,11,Nick,Stella,R,0,0.0006,29.39,22.43,36.3,,R,0
IL,12,Mike,Bost,R,1,0.8248,51.94,46.99,56.79,,R,1
IL,12,Brendan,Kelly,D,0,0.1752,45.06,40.18,49.99,,D,0
IL,12,Randy,Auxier,G,0,0,2.99,1,5.47,,G,0
IL,13,Rodney,Davis,R,1,0.782,52.72,48.17,57.32,,R,1
IL,13,Betsy,DirksenLondrigan,D,0,0.218,47.28,42.68,51.83,,D,0
IL,14,Randy,Hultgren,R,1,0.7488,52.52,47.63,57.4,,R,1
IL,14,Lauren,Underwood,D,0,0.2512,47.48,42.6,52.37,,D,0
IL,15,John,Shimkus,R,1,0.9995,72.2,64.96,79.34,,R,1
IL,15,Kevin,Gaither,D,0,0.0005,27.8,20.66,35.04,,D,0
IL,16,Adam,Kinzinger,R,1,0.9403,56.41,51.21,61.53,,R,1
IL,16,Sara,Dady,D,0,0.0597,43.59,38.47,48.79,,D,0
IL,17,Cheri,Bustos,D,1,0.993,64.17,57.44,70.85,,D,1
IL,17,William,W.Fawell,R,0,0.007,35.83,29.15,42.56,,R,0
IL,18,Darin,LaHood,R,1,0.9942,64.6,57.74,71.33,,R,1
IL,18,Junius,Rodriguez,D,0,0.0058,35.4,28.67,42.26,,D,0
IN,1,Peter,Visclosky,D,1,0.999,69.24,62.45,76.04,,D,1
IN,1,Mark,Leyva,R,0,0.001,30.76,23.96,37.55,,R,0
IN,2,Jackie,Walorski,R,1,0.971,60.95,53.89,67.99,,R,1
IN,2,Mel,Hall,D,0,0.029,39.05,32.01,46.11,,D,0
IN,3,Jim,Banks,R,1,0.9746,59.19,53.33,65.02,,R,1
IN,3,Courtney,Tritch,D,0,0.0254,40.81,34.98,46.67,,D,0
IN,4,Jim,Baird,R,0,0.9794,61.42,54.56,68.2,,R,0
IN,4,Tobi,Beck,D,0,0.0206,38.58,31.8,45.44,,D,0
IN,5,Susan,W.Brooks,R,1,0.8211,53.47,48.6,58.32,,R,1
IN,5,Dee,Thornton,D,0,0.1789,46.53,41.68,51.4,,D,0
IN,6,Greg,Pence,R,0,0.9887,61.51,54.28,68.64,,R,0
IN,6,Jeannine,LeeLake,D,0,0.0113,34.59,27.41,41.77,,D,0
IN,6,Tom,Ferkinhoff,L,0,0,3.89,1.45,6.81,,L,0
IN,7,Andr√©,Carson,D,1,0.9997,72.12,65.51,78.81,,D,1
IN,7,Wayne,GunnyHarmon,R,0,0.0003,27.88,21.19,34.49,,R,0
IN,8,Larry,Bucshon,R,1,0.9948,65.28,58.37,72.27,,R,1
IN,8,William,Tanoos,D,0,0.0052,34.72,27.73,41.63,,D,0
IN,9,Trey,Hollingsworth,R,1,0.8936,54.99,49.85,60.07,,R,1
IN,9,Liz,Watson,D,0,0.1064,45.01,39.93,50.15,,D,0
KS,1,Roger,Marshall,R,1,0.9881,59.91,54.55,65.25,,R,1
KS,1,Alan,LaPolice,D,0,0.0119,40.09,34.75,45.45,,D,0
KS,2,Paul,Davis,D,0,0.517,48,43.6,52.37,,D,0
KS,2,Steve,Watkins,R,0,0.483,47.74,43.33,52.09,,R,0
KS,2,Kelly,Standley,L,0,0,4.26,1.64,7.36,,L,0
KS,3,Sharice,Davids,D,0,0.8886,53.36,48.1,58.57,,D,0
KS,3,Kevin,Yoder,R,1,0.1114,43.68,38.46,48.93,,R,1
KS,3,Chris,Clemmons,L,0,0,2.96,0.98,5.44,,L,0
KS,4,Ron,Estes,R,1,0.9919,61.66,55.91,67.42,,R,1
KS,4,James,A.Thompson,D,0,0.0081,38.34,32.58,44.09,,D,0
KY,1,James,Comer,R,1,0.9994,70.21,63.18,77.1,,R,1
KY,1,Paul,Walker,D,0,0.0006,29.79,22.9,36.82,,D,0
KY,2,Brett,S.Guthrie,R,1,0.9967,64.55,57.59,71.49,,R,1
KY,2,Hank,Linderman,D,0,0.0033,32.41,25.42,39.32,,D,0
KY,2,Thomas,Loecken,I,0,0,3.04,1.03,5.54,,I,0
KY,3,John,A.Yarmuth,D,1,0.9996,69.81,63.26,76.42,,D,1
KY,3,Vickie,Glisson,R,0,0.0004,27.27,20.66,33.78,,R,0
KY,3,Gregory,Boles,L,0,0,2.92,0.96,5.34,,L,0
KY,4,Thomas,Massie,R,1,0.9937,62.89,56.08,69.6,,R,1
KY,4,Seth,Hall,D,0,0.0063,34.09,27.32,40.9,,D,0
KY,4,Mike,Moffett,I,0,0,3.02,1.02,5.49,,I,0
KY,5,Harold,Rogers,R,1,0.9999,76.99,69.44,84.5,,R,1
KY,5,Kenneth,S.Stepp,D,0,0.0001,23.01,15.5,30.56,,D,0
KY,6,Amy,McGrath,D,0,0.5882,49.32,44.59,53.98,,D,0
KY,6,Andy,Barr,R,1,0.4118,47.77,43.1,52.46,,R,1
KY,6,Others,Others,,0,0,2.91,0.96,5.32,,,0
LA,1,Steve,Scalise,R,1,0.9998,69.84,60.85,79.36,,R,1
LA,1,Tammy,M.Savoie,D,0,0.0002,12.45,6.66,18.23,,D,0
LA,1,Lee,AnnDugas,D,0,0.0001,6.68,2.84,10.89,,D,0
LA,1,Jim,Francis,D,0,0,7.93,3.57,12.57,,D,0
LA,1,Others,Others,,0,0,3.11,1.06,5.62,,,0
LA,2,Cedric,Richmond,D,1,1,85.17,78.68,91.17,,D,1
LA,2,Others,Others,,0,0,14.83,8.83,21.32,,,0
LA,3,Clay,Higgins,R,1,0.9943,55.41,47.82,63.58,,R,1
LA,3,Josh,Guillory,R,0,0.0036,12.12,7.3,17.08,,R,0
LA,3,Mimi,Methvin,D,0,0.0016,13.47,7.74,19.31,,D,0
LA,3,Rob,Anderson,D,0,0.0003,8.4,4.04,13.09,,D,0
LA,3,Aaron,Andrus,L,0,0.0002,4.12,1.57,7.19,,L,0
LA,3,Larry,Rader,D,0,0,4.2,1.52,7.32,,D,0
LA,3,Verone,Thomas,D,0,0,2.27,0.64,4.32,,D,0
LA,4,Mike,Johnson,R,1,0.9806,60.15,52.94,67.39,,R,1
LA,4,Ryan,Trundle,D,0,0.0194,37.09,29.85,44.26,,D,0
LA,4,Mark,Halverson,I,0,0,2.76,0.89,5.1,,I,0
LA,5,Ralph,Abraham,R,1,0.994,62.37,55.3,69.44,,R,1
LA,5,Jessee,CarltonFleenor,D,0,0.006,34.48,27.36,41.51,,D,0
LA,5,Others,Others,,0,0,3.15,1.08,5.69,,,0
LA,6,Justin,DeWitt,D,0,0.0008,18.93,12.03,25.55,,D,0
LA,6,Andie,Saizan,D,0,0.0001,12.7,7.06,18.34,,D,0
LA,6,Devin,LanceGraham,I,0,0,2.51,0.79,4.68,,I,0
MA,1,Richard,E.Neal,D,1,1,100,100,100,,D,1
MA,2,James,McGovern,D,1,0.9998,74.26,67.33,81.17,,D,1
MA,2,Tracy,Lovvorn,R,0,0.0002,25.74,18.83,32.67,,R,0
MA,3,Lori,Trahan,D,0,0.9978,65.9,58.66,73.3,,D,0
MA,3,Rick,Green,R,0,0.0022,30.26,22.9,37.51,,R,0
MA,3,Michael,P.Mullen,I,0,0,3.84,1.41,6.78,,I,0
MA,4,Joseph,P.KennedyIII,D,1,1,100,100,100,,D,1
MA,5,Katherine,Clark,D,1,1,82.3,75.82,88.84,,D,1
MA,5,John,Hugo,R,0,0,17.7,11.16,24.18,,R,0
MA,6,Seth,Moulton,D,1,0.9995,70.8,63.43,78.29,,D,1
MA,6,Joseph,S.Schneider,R,0,0.0005,25.95,18.53,33.3,,R,0
MA,6,Mary,JeanCharbonneau,I,0,0,3.25,1.12,5.86,,I,0
MA,7,Ayanna,Pressley,D,0,1,100,100,100,,D,0
MA,8,Stephen,F.Lynch,D,1,1,100,100,100,,D,1
MA,9,William,Keating,D,1,0.9992,70.73,63.69,77.9,,D,1
MA,9,Peter,D.Tedeschi,R,0,0.0008,29.27,22.1,36.31,,R,0
MD,1,Andy,Harris,R,1,0.9922,63.23,55.84,70.44,,R,1
MD,1,Jesse,Colvin,D,0,0.0078,33.53,26.23,40.92,,D,0
MD,1,Jenica,Martin,L,0,0,3.24,1.11,5.84,,L,0
MD,2,C.,A.DutchRuppersberger,D,1,0.9998,70.99,64.04,77.81,,D,1
MD,2,Liz,Matory,R,0,0.0002,25.47,18.61,32.38,,R,0
MD,2,Others,Others,,0,0,3.54,1.27,6.31,,,0
MD,3,John,P.Sarbanes,D,1,0.9999,72.84,66.02,79.75,,D,1
MD,3,Charles,Anthony,R,0,0.0001,23.97,17.05,30.74,,R,0
MD,3,David,Lashar,L,0,0,3.18,1.09,5.71,,L,0
MD,4,Anthony,Brown,D,1,1,83.53,77.61,89.41,,D,1
MD,4,David,Bishop,L,0,0,3.48,1.22,6.24,,L,0
MD,4,George,McDermott,R,0,0,13,7.11,18.86,,R,0
MD,5,Steny,H.Hoyer,D,1,1,74.38,67.82,80.98,,D,1
MD,5,William,A.DevineIII,R,0,0,22,15.4,28.57,,R,0
MD,5,Others,Others,,0,0,3.62,1.29,6.42,,,0
MD,6,David,Trone,D,0,0.9803,59.35,52.44,66.32,,D,0
MD,6,Amie,Hoeber,R,0,0.0197,36.67,29.77,43.55,,R,0
MD,6,Others,Others,,0,0,3.98,1.5,6.99,,,0
MD,7,Elijah,Cummings,D,1,1,82.79,76.81,88.78,,D,1
MD,7,David,Griggs,L,0,0,3.45,1.21,6.18,,L,0
MD,7,Richmond,Davis,R,0,0,13.76,7.75,19.68,,R,0
MD,8,Jamie,Raskin,D,1,1,74.44,67.65,81.17,,D,1
MD,8,Jasen,Wunder,L,0,0,3.22,1.11,5.79,,L,0
MD,8,John,Walsh,R,0,0,22.35,15.65,29.11,,R,0
ME,1,Chellie,Pingree,D,1,0.9978,60.93,55.58,66.2,,D,1
ME,1,Mark,Holbrook,R,0,0.0022,35.77,30.45,41.09,,R,0
ME,1,Marty,Grohman,I,0,0,3.3,1.15,5.94,,I,0
ME,2,Jared,Golden,D,0,0.5544,48.76,43.49,54.03,,D,0
ME,2,Bruce,Poliquin,R,1,0.4456,47.68,42.35,52.95,,R,1
ME,2,Others,Others,,0,0,3.56,1.28,6.37,,,0
MI,1,Jack,Bergman,R,1,0.9142,55.87,50.37,61.38,,R,1
MI,1,Matt,Morgan,D,0,0.0858,44.13,38.62,49.63,,D,0
MI,2,Bill,Huizenga,R,1,0.8622,53.27,47.76,58.67,,R,1
MI,2,Rob,Davidson,D,0,0.1378,44.2,38.76,49.68,,D,0
MI,2,Ronald,E.Graeser,U,0,0,2.54,0.78,4.71,,U,0
MI,3,Justin,Amash,R,1,0.8002,53.05,45.96,60.09,,R,1
MI,3,Cathy,Albro,D,0,0.1998,44.06,36.96,51.17,,D,0
MI,3,Ted,Gerrard,U,0,0,2.89,0.95,5.29,,U,0
MI,4,John,Moolenaar,R,1,0.9591,60.11,52.79,67.51,,R,1
MI,4,Jerry,Hilliard,D,0,0.0409,39.89,32.49,47.21,,D,0
MI,5,Daniel,Kildee,D,1,0.9973,66.22,58.96,73.5,,D,1
MI,5,Travis,Wines,R,0,0.0027,30.91,23.6,38.14,,R,0
MI,5,Kathy,Goodwin,W,0,0,2.87,0.94,5.27,,W,0
MI,6,Fred,Upton,R,1,0.722,50.87,45.87,55.82,,R,1
MI,6,Matt,Longjohn,D,0,0.278,46.52,41.55,51.51,,D,0
MI,6,Stephen,J.Young,U,0,0,2.6,0.82,4.85,,U,0
MI,7,Tim,Walberg,R,1,0.7785,53.58,47.49,59.77,,R,1
MI,7,Gretchen,Driskell,D,0,0.2214,46.42,40.23,52.51,,D,0
MI,8,Mike,Bishop,R,1,0.5833,49.26,44.39,54.08,,R,1
MI,8,Elissa,Slotkin,D,0,0.4167,47.73,42.92,52.55,,D,0
MI,8,Others,Others,,0,0,3.01,1.01,5.5,,,0
MI,9,Andy,Levin,D,0,0.9687,58.61,51.48,65.7,,D,0
MI,9,Candius,Stearns,R,0,0.0313,37.63,30.49,44.72,,R,0
MI,9,Others,Others,,0,0,3.76,1.39,6.65,,,0
MI,10,Paul,Mitchell,R,1,0.9865,61.41,54.07,68.65,,R,1
MI,10,Kimberly,Bizon,D,0,0.0135,35.18,27.89,42.5,,D,0
MI,10,Others,Others,,0,0,3.41,1.21,6.1,,,0
MI,11,Haley,Stevens,D,0,0.7492,50.23,45.64,54.8,,D,0
MI,11,Lena,Epstein,R,0,0.2508,45.78,41.18,50.32,,R,0
MI,11,Others,Others,,0,0,3.99,1.49,6.99,,,0
MI,12,Debbie,Dingell,D,1,0.9999,73.75,67.04,80.45,,D,1
MI,12,Jeff,Jones,R,0,0.0001,22.84,16.08,29.49,,R,0
MI,12,Others,Others,,0,0,3.41,1.2,6.12,,,0
MI,13,Rashida,Tlaib,D,0,1,85.71,79.35,91.59,,D,0
MI,13,Others,Others,,0,0,14.29,8.41,20.65,,,0
MI,14,Brenda,Lawrence,D,1,1,85.79,80.03,91.53,,D,1
MI,14,Philip,Kolody,W,0,0,3.36,1.17,6.02,,W,0
MI,14,Marc,S.Herschfus,R,0,0,10.85,5.15,16.62,,R,0
MN,1,Jim,Hagedorn,R,0,0.5286,50.26,45.62,54.93,,R,0
MN,1,Dan,Feehan,D,0,0.4714,49.74,45.07,54.38,,D,0
MN,2,Angie,Craig,D,0,0.8048,53.01,48.48,57.56,,D,0
MN,2,Jason,Lewis,R,1,0.1952,46.99,42.44,51.52,,R,1
MN,3,Dean,Phillips,D,0,0.8403,53.47,48.95,57.96,,D,0
MN,3,Erik,Paulsen,R,1,0.1597,46.53,42.04,51.05,,R,1
MN,4,Betty,McCollum,D,1,1,74.37,67.56,81.24,,D,1
MN,4,Susan,PendergastSindt,L,0,0,3.69,1.34,6.54,,L,0
MN,4,Greg,Ryan,R,0,0,21.94,15.08,28.73,,R,0
MN,5,Ilhan,Omar,D,0,0.9999,79.63,73.13,86.11,,D,0
MN,5,Jennifer,Zielinski,R,0,0.0001,20.37,13.89,26.87,,R,0
MN,6,Tom,Emmer,R,1,0.9787,61.27,54.39,68.07,,R,1
MN,6,Ian,Todd,D,0,0.0213,38.73,31.93,45.61,,D,0
MN,7,Collin,C.Peterson,D,1,0.7149,52.89,46.27,59.47,,D,1
MN,7,Dave,Hughes,R,0,0.2851,47.11,40.53,53.73,,R,0
MN,8,Pete,Stauber,R,0,0.9088,53.64,47.89,59.36,,R,0
MN,8,Joe,Radinovich,D,0,0.0912,42.1,36.38,47.85,,D,0
MN,8,Ray,SkipSandman,I,0,0,4.26,1.65,7.38,,I,0
MO,1,William,LacyClayJr.,D,1,1,84.24,78.28,90.19,,D,1
MO,1,Robb,Cunningham,L,0,0,3.49,1.24,6.24,,L,0
MO,1,Robert,Vroman,R,0,0,12.27,6.35,18.25,,R,0
MO,2,Ann,Wagner,R,1,0.7681,51.22,45.97,56.43,,R,1
MO,2,Cort,VanOstran,D,0,0.2319,45.55,40.34,50.76,,D,0
MO,2,Others,Others,,0,0,3.24,1.11,5.83,,,0
MO,3,Blaine,Luetkemeyer,R,1,0.999,67.3,60.34,74.2,,R,1
MO,3,Katy,Geppert,D,0,0.001,29.4,22.5,36.29,,D,0
MO,3,Donald,Stolle,L,0,0,3.31,1.14,5.93,,L,0
MO,4,Vicky,Hartzler,R,1,0.999,66.39,59.65,73.15,,R,1
MO,4,Renee,Hoagenson,D,0,0.001,30.33,23.58,36.99,,D,0
MO,4,Mark,Bliss,L,0,0,3.28,1.14,5.9,,L,0
MO,5,Emanuel,Cleaver,D,1,0.9985,66.57,59.76,73.53,,D,1
MO,5,Jacob,Turk,R,0,0.0015,29.65,22.66,36.46,,R,0
MO,5,Others,Others,,0,0,3.78,1.39,6.67,,,0
MO,6,Sam,Graves,R,1,0.9961,64.24,57.25,71.24,,R,1
MO,6,Henry,RobertMartin,D,0,0.0039,32.52,25.47,39.43,,D,0
MO,6,Dan,Hogan,L,0,0,3.24,1.12,5.82,,L,0
MO,7,Billy,Long,R,1,0.9998,71.58,64.85,78.33,,R,1
MO,7,Jamie,DanielSchoolcraft,D,0,0.0002,25.03,18.28,31.76,,D,0
MO,7,Benjamin,Brixey,L,0,0,3.39,1.2,6.07,,L,0
MO,8,Jason,Smith,R,1,0.9999,73.76,66.38,80.98,,R,1
MO,8,Kathy,Ellis,D,0,0.0001,22.8,15.53,30.17,,D,0
MO,8,Jonathan,Shell,L,0,0,3.44,1.22,6.13,,L,0
MS,1,Trent,Kelly,R,1,0.9891,59.87,53.81,65.91,,R,1
MS,1,Randy,Wadkins,D,0,0.0109,37.39,31.3,43.46,,D,0
MS,1,Tracella,LouO'HaraHill,R,0,0,2.75,0.89,5.05,,R,0
MS,2,Bennie,G.Thompson,D,1,0.9966,62.99,57.18,68.77,,D,1
MS,2,Irving,Harris,R,0,0.0034,34.46,28.63,40.26,,R,0
MS,2,Others,Others,,0,0,2.54,0.69,4.91,,,0
MS,3,Michael,Guest,R,0,0.9566,56.73,50.38,63.02,,R,0
MS,3,Michael,TedEvans,D,0,0.0434,39.93,33.59,46.22,,D,0
MS,3,Matthew,Holland,R,0,0,3.34,1.17,5.99,,R,0
MS,4,Steven,Palazzo,R,1,0.9795,58.79,52.59,65,,R,1
MS,4,Jeramey,Anderson,D,0,0.0205,38.7,32.49,44.89,,D,0
MS,4,Lajena,Sheets,R,0,0,2.51,0.78,4.66,,R,0
MT,1,Greg,Gianforte,R,1,0.5898,49.18,44.17,54.17,,R,1
MT,1,Kathleen,Williams,D,0,0.4101,47.52,42.51,52.45,,D,0
MT,1,Elinor,Swanson,L,0,0,3.3,1.14,5.93,,L,0
NC,1,G.K.,Butterfield,D,1,1,78.03,71.57,84.53,,D,1
NC,1,Roger,Allison,R,0,0,21.97,15.47,28.43,,R,0
NC,2,George,Holding,R,1,0.8808,53.06,48.21,57.81,,R,1
NC,2,Linda,Coleman,D,0,0.1192,44.41,39.61,49.25,,D,0
NC,2,Jeff,Matemu,L,0,0,2.53,0.78,4.73,,L,0
NC,3,Walter,B.Jones,R,1,1,100,100,100,,R,1
NC,4,David,Price,D,1,1,76.95,70.41,83.47,,D,1
NC,4,Barbara,Howe,L,0,0,2.87,0.95,5.25,,L,0
NC,4,Steve,VonLoor,R,0,0,20.18,13.66,26.68,,R,0
NC,5,Virginia,Foxx,R,1,0.9562,59.6,52.53,66.64,,R,1
NC,5,DD,Adams,D,0,0.0438,40.4,33.36,47.47,,D,0
NC,6,Mark,Walker,R,1,0.9339,58.45,51.32,65.53,,R,1
NC,6,Ryan,Watts,D,0,0.0661,41.55,34.47,48.68,,D,0
NC,7,David,Rouzer,R,1,0.7563,51.74,45.65,57.74,,R,1
NC,7,Kyle,Horton,D,0,0.2437,45.38,39.34,51.46,,D,0
NC,7,David,Fallin,C,0,0,2.88,0.94,5.27,,C,0
NC,8,Richard,Hudson,R,1,0.9353,58.21,51.32,65.04,,R,1
NC,8,Frank,McNeill,D,0,0.0647,41.79,34.96,48.68,,D,0
NC,9,Mark,Harris,R,0,0.5205,48.67,44.21,53.15,,R,0
NC,9,Dan,McCready,D,0,0.4795,48.34,43.8,52.8,,D,0
NC,9,Jeff,Scott,L,0,0,2.99,1,5.49,,L,0
NC,10,Patrick,T.McHenry,R,1,0.9861,62.5,55.66,69.28,,R,1
NC,10,David,Brown,D,0,0.0139,37.5,30.72,44.34,,D,0
NC,11,Mark,Meadows,R,1,0.9928,62.87,55.79,69.93,,R,1
NC,11,Phillip,G.Price,D,0,0.0072,34.32,27.26,41.4,,D,0
NC,11,Clifton,IngramJr.,L,0,0,2.81,0.91,5.19,,L,0
NC,12,Alma,Adams,D,1,1,78.45,72.12,84.77,,D,1
NC,12,Paul,Wright,R,0,0,21.55,15.23,27.88,,R,0
NC,13,Ted,Budd,R,1,0.7216,50.51,45.94,55.04,,R,1
NC,13,Kathy,Manning,D,0,0.2784,46.51,41.91,51.05,,D,0
NC,13,Others,Others,,0,0,2.98,0.99,5.42,,,0
ND,1,Kelly,Armstrong,R,0,0.9953,57.67,52.74,62.52,,R,0
ND,1,Mac,Schneider,D,0,0.0047,37.84,32.91,42.71,,D,0
ND,1,Charles,Tuttle,I,0,0,4.5,1.78,7.77,,I,0
NE,1,Jeff,Fortenberry,R,1,0.9681,57.51,52.43,62.58,,R,1
NE,1,Jessica,McClure,D,0,0.0319,42.49,37.42,47.57,,D,0
NE,2,Don,Bacon,R,1,0.8142,53.5,48.45,58.55,,R,1
NE,2,Kara,Eastman,D,0,0.1858,46.5,41.45,51.55,,D,0
NE,3,Adrian,Smith,R,1,0.9999,75.16,68.29,82.02,,R,1
NE,3,Paul,Theobald,D,0,0.0001,24.84,17.98,31.71,,D,0
NH,1,Chris,Pappas,D,0,0.7756,50.63,45.8,55.39,,D,0
NH,1,Eddie,Edwards,R,0,0.2244,45.33,40.53,50.08,,R,0
NH,1,Others,Others,,0,0,4.05,1.54,7.06,,,0
NH,2,Ann,Kuster,D,1,0.9858,56.39,51.58,61.19,,D,1
NH,2,Steven,Negron,R,0,0.0142,40.08,35.22,44.82,,R,0
NH,2,Others,Others,,0,0,3.53,1.25,6.29,,,0
NJ,1,Donald,Norcross,D,1,0.9998,72.68,65.89,79.39,,D,1
NJ,1,Paul,E.Dilks,R,0,0.0002,23.86,17.12,30.64,,R,0
NJ,1,Others,Others,,0,0,3.46,1.23,6.19,,,0
NJ,2,Jeff,VanDrew,D,0,0.9722,56.17,50.68,61.66,,D,0
NJ,2,Seth,Grossman,R,0,0.0278,40.13,34.6,45.56,,R,0
NJ,2,Others,Others,,0,0,3.7,1.34,6.56,,,0
NJ,3,Andy,Kim,D,0,0.5626,49.3,44.92,53.69,,D,0
NJ,3,Tom,MacArthur,R,1,0.4374,48.28,43.86,52.61,,R,1
NJ,3,Lawrence,BerlinskiJr.,C,0,0,2.42,0.74,4.56,,C,0
NJ,4,Chris,Smith,R,1,0.9058,55.18,47.96,62.36,,R,1
NJ,4,Joshua,Welle,D,0,0.0942,40.82,33.66,47.97,,D,0
NJ,4,Others,Others,,0,0,3.99,1.5,7,,,0
NJ,5,Josh,Gottheimer,D,1,0.9263,54.83,48.96,60.69,,D,1
NJ,5,John,J.McCannJr.,R,0,0.0737,41.96,36.13,47.76,,R,0
NJ,5,Others,Others,,0,0,3.21,1.1,5.81,,,0
NJ,6,Frank,PalloneJr.,D,1,0.9994,70.28,63.36,77.18,,D,1
NJ,6,Richard,J.Pezzullo,R,0,0.0006,29.72,22.82,36.64,,R,0
NJ,7,Tom,Malinowski,D,0,0.7519,51.3,45.96,56.55,,D,0
NJ,7,Leonard,Lance,R,1,0.2481,45.85,40.55,51.16,,R,1
NJ,7,Others,Others,,0,0,2.85,0.93,5.23,,,0
NJ,8,Albio,Sires,D,1,1,82.96,76.58,89.35,,D,1
NJ,8,John,R.Muniz,R,0,0,13.63,7.21,19.98,,R,0
NJ,8,Others,Others,,0,0,3.41,1.19,6.13,,,0
NJ,9,Bill,PascrellJr.,D,1,0.9999,74.93,68.03,81.89,,D,1
NJ,9,Eric,P.Fisher,R,0,0.0001,22.23,15.24,29.17,,R,0
NJ,9,Claudio,Belusic,L,0,0,2.84,0.93,5.21,,L,0
NJ,10,Donald,PayneJr.,D,1,1,89.23,84.2,94.2,,D,1
NJ,10,Agha,Khan,R,0,0,6.79,1.78,11.77,,R,0
NJ,10,Others,Others,,0,0,3.98,1.5,6.98,,,0
NJ,11,Mikie,Sherrill,D,0,0.8341,52.36,46.89,57.84,,D,0
NJ,11,Jay,Webber,R,0,0.1659,44.39,38.88,49.88,,R,0
NJ,11,Others,Others,,0,0,3.25,1.11,5.89,,,0
NJ,12,Bonnie,WatsonColeman,D,1,0.9999,77.14,70.58,83.69,,D,1
NJ,12,Daryl,Kipnis,R,0,0.0001,22.86,16.31,29.42,,R,0
NM,1,Debra,A.Haaland,D,0,0.9085,52.53,47.64,57.41,,D,0
NM,1,Janice,E.Arnold-Jones,R,0,0.0915,42.96,38.02,47.81,,R,0
NM,1,Lloyd,Princeton,L,0,0,4.51,1.78,7.78,,L,0
NM,2,Yvette,Herrell,R,0,0.563,50.58,45.93,55.17,,R,0
NM,2,Xochitl,TorresSmall,D,0,0.437,49.42,44.83,54.07,,D,0
NM,3,Ben,R.Lujan,D,1,0.9977,58.88,53.98,63.73,,D,1
NM,3,Jerald,SteveMcFall,R,0,0.0023,36.97,32.1,41.8,,R,0
NM,3,Christopher,Manning,L,0,0,4.14,1.59,7.24,,L,0
NV,1,Dina,Titus,D,1,0.9956,62.21,55.43,69.08,,D,1
NV,1,Joyce,Bentley,R,0,0.0044,32.87,25.98,39.67,,R,0
NV,1,Others,Others,,0,0,4.92,2.01,8.37,,,0
NV,2,Mark,Amodei,R,1,0.8161,54.29,48.05,60.56,,R,1
NV,2,Clint,Koble,D,0,0.1839,45.71,39.44,51.95,,D,0
NV,3,Susie,Lee,D,0,0.6018,48.26,42.36,54.11,,D,0
NV,3,Danny,Tarkanian,R,0,0.3982,46.07,40.2,51.92,,R,0
NV,3,Others,Others,,0,0,5.67,2.45,9.47,,,0
NV,4,Steven,A.Horsford,D,0,0.6591,48.82,42.84,54.78,,D,0
NV,4,Cresent,Hardy,R,0,0.3409,45.28,39.28,51.17,,R,0
NV,4,Others,Others,,0,0,5.9,2.6,9.79,,,0
NY,1,Lee,Zeldin,R,1,0.9321,54.37,49.26,59.42,,R,1
NY,1,Perry,Gershon,D,0,0.0679,42.79,37.72,47.89,,D,0
NY,1,Others,Others,,0,0,2.84,0.92,5.2,,,0
NY,2,Pete,King,R,1,0.7606,53.92,46.65,61.14,,R,1
NY,2,Liuba,GrechenShirley,D,0,0.2394,46.08,38.86,53.35,,D,0
NY,3,Thomas,Suozzi,D,1,0.9919,64.49,57.21,71.71,,D,1
NY,3,Dan,DeBono,R,0,0.0081,35.51,28.29,42.79,,R,0
NY,4,Kathleen,Rice,D,1,0.9961,66.69,59.55,73.9,,D,1
NY,4,Ameer,Benno,R,0,0.0039,33.31,26.1,40.45,,R,0
NY,5,Gregory,W.Meeks,D,1,1,100,100,100,,D,1
NY,6,Grace,Meng,D,1,0.9999,84.47,77.88,90.6,,D,1
NY,6,Tom,Hillgardner,G,0,0.0001,15.53,9.4,22.12,,G,0
NY,7,Nydia,M.Vel√°zquez,D,1,1,89.81,84.22,94.82,,D,1
NY,7,Others,Others,,0,0,10.19,5.18,15.78,,,0
NY,8,Hakeem,Jeffries,D,1,1,89.36,83.59,94.48,,D,1
NY,8,Others,Others,,0,0,10.64,5.52,16.41,,,0
NY,9,Yvette,D.Clarke,D,1,1,88.31,83.01,93.59,,D,1
NY,9,Joel,Anabilah-Azumah,R,0,0,3.29,1.14,5.9,,R,0
NY,9,Lutchi,Gayot,R,0,0,8.4,3.09,13.62,,R,0
NY,10,Jerrold,Nadler,D,1,1,85.71,79.39,92.02,,D,1
NY,10,Naomi,Levin,R,0,0,14.29,7.98,20.61,,R,0
NY,11,Daniel,Donovan,R,1,0.7485,51.24,45.95,56.48,,R,1
NY,11,Max,N.Rose,D,0,0.2515,45.96,40.72,51.21,,D,0
NY,11,Henry,Bardel,G,0,0,2.8,0.91,5.12,,G,0
NY,12,Carolyn,Maloney,D,1,1,87.26,81.04,93.47,,D,1
NY,12,Scott,Hutchins,G,0,0,3.24,1.11,5.88,,G,0
NY,12,Eliot,Rabin,R,0,0,9.5,3.3,15.71,,R,0
NY,13,Adriano,Espaillat,D,1,1,95.33,92.01,98.69,,D,1
NY,13,Jineea,Butler,R,0,0,4.67,1.31,7.99,,R,0
NY,14,Alexandria,Ocasio-Cortez,D,0,1,79.03,72.42,85.63,,D,0
NY,14,Joseph,Crowley,W,1,0,3.72,1.36,6.58,,W,1
NY,14,Anthony,Pappas,R,0,0,17.25,10.59,23.86,,R,0
NY,15,Jos√©,E.Serrano,D,1,1,96.04,92.83,99.28,,D,1
NY,15,Jason,Gonzalez,R,0,0,3.96,0.72,7.17,,R,0
NY,16,Eliot,Engel,D,1,1,100,100,100,,D,1
NY,17,Nita,Lowey,D,1,0.9999,81.34,74.44,87.8,,D,1
NY,17,Joseph,Ciardullo,R,0,0.0001,18.66,12.2,25.56,,R,0
NY,18,Sean,PatrickMaloney,D,1,0.9831,62.28,55.38,69.23,,D,1
NY,18,James,O'Donnell,R,0,0.0169,37.72,30.77,44.62,,R,0
NY,19,Antonio,Delgado,D,0,0.5628,49.07,44.58,53.53,,D,0
NY,19,John,Faso,R,1,0.4372,48.03,43.53,52.52,,R,1
NY,19,Others,Others,,0,0,2.89,0.95,5.33,,,0
NY,20,Paul,D.Tonko,D,1,0.999,69.89,63.09,76.66,,D,1
NY,20,Francis,Vitollo,R,0,0.001,30.11,23.34,36.91,,R,0
NY,21,Elise,Stefanik,R,1,0.7167,51.39,45.31,57.46,,R,1
NY,21,Tedra,L.Cobb,D,0,0.2833,46.05,39.93,52.14,,D,0
NY,21,Lynn,Kahn,G,0,0,2.56,0.8,4.78,,G,0
NY,22,Claudia,Tenney,R,1,0.5137,50.13,45.21,55.09,,R,1
NY,22,Anthony,Brindisi,D,0,0.4863,49.87,44.91,54.79,,D,0
NY,23,Tom,Reed,R,1,0.7203,52.48,46.97,57.91,,R,1
NY,23,Tracy,Mitrano,D,0,0.2797,47.52,42.09,53.03,,D,0
NY,24,John,Katko,R,1,0.8714,54.74,49.34,60.12,,R,1
NY,24,Dana,Balter,D,0,0.1286,45.26,39.88,50.66,,D,0
NY,25,Joseph,D.Morelle,D,0,0.9601,56.24,51.75,60.73,,D,0
NY,25,Jim,Maxwell,R,0,0.0399,43.76,39.27,48.25,,R,0
NY,26,Brian,Higgins,D,1,0.9997,72.28,65.5,79.08,,D,1
NY,26,Renee,Zeno,R,0,0.0003,27.72,20.92,34.5,,R,0
NY,27,Chris,Collins,R,1,0.6706,50.26,45.11,55.4,,R,1
NY,27,Nate,McMurray,D,0,0.3294,46.82,41.65,51.95,,D,0
NY,27,Larry,Piegza,R,0,0,2.92,0.96,5.33,,R,0
OH,1,Steve,Chabot,R,1,0.8482,52.33,47.54,57.09,,R,1
OH,1,Aftab,Pureval,D,0,0.1518,44.96,40.17,49.71,,D,0
OH,1,Dirk,Kubala,L,0,0,2.71,0.88,5,,L,0
OH,2,Brad,Wenstrup,R,1,0.9217,54.52,49.08,59.99,,R,1
OH,2,Jill,Schiller,D,0,0.0783,42.78,37.36,48.14,,D,0
OH,2,James,ConditJr.,G,0,0,2.7,0.85,4.99,,G,0
OH,3,Joyce,Beatty,D,1,0.9999,78.38,71.96,84.78,,D,1
OH,3,Jim,Burgess,R,0,0.0001,21.62,15.22,28.04,,R,0
OH,4,Jim,Jordan,R,1,0.9928,65.05,57.93,72.25,,R,1
OH,4,Janet,Garrett,D,0,0.0072,34.95,27.75,42.07,,D,0
OH,5,Robert,E.Latta,R,1,0.9757,59.63,52.51,66.62,,R,1
OH,5,J.,MichaelGalbraith,D,0,0.0243,37.31,30.3,44.41,,D,0
OH,5,Don,Kissick,L,0,0,3.06,1.04,5.56,,L,0
OH,6,Bill,Johnson,R,1,0.9973,67.79,60.54,74.97,,R,1
OH,6,Shawna,Roberts,D,0,0.0027,32.21,25.03,39.46,,D,0
OH,7,Bob,Gibbs,R,1,0.8897,55.07,49.76,60.34,,R,1
OH,7,Ken,Harbaugh,D,0,0.1103,44.93,39.66,50.24,,D,0
OH,8,Warren,Davidson,R,1,0.9972,67.22,60.15,74.23,,R,1
OH,8,Vanessa,Enoch,D,0,0.0028,32.78,25.77,39.85,,D,0
OH,9,Marcy,Kaptur,D,1,0.9998,73.94,67.36,80.5,,D,1
OH,9,Steven,W.Kraus,R,0,0.0002,26.06,19.5,32.64,,R,0
OH,10,Michael,Turner,R,1,0.7667,52.34,45.47,59.23,,R,1
OH,10,Theresa,A.Gasper,D,0,0.2333,44.74,37.81,51.65,,D,0
OH,10,David,Harlow,L,0,0,2.93,0.97,5.35,,L,0
OH,11,Marcia,L.Fudge,D,1,1,88.06,82.61,93.55,,D,1
OH,11,Beverly,A.Goldstein,R,0,0,11.94,6.45,17.39,,R,0
OH,12,Troy,Balderson,R,1,0.6935,50.57,45.61,55.49,,R,1
OH,12,Danny,O'Connor,D,0,0.3065,46.8,41.89,51.75,,D,0
OH,12,Joe,Manchik,G,0,0,2.63,0.83,4.9,,G,0
OH,13,Tim,Ryan,D,1,0.9985,68.44,61.67,75.16,,D,1
OH,13,Chris,DePizzo,R,0,0.0015,31.56,24.84,38.33,,R,0
OH,14,David,Joyce,R,1,0.8214,54.88,47.98,61.66,,R,1
OH,14,Betsy,Rader,D,0,0.1786,45.12,38.34,52.02,,D,0
OH,15,Steve,Stivers,R,1,0.8965,55.23,48.26,62.15,,R,1
OH,15,Rick,Neal,D,0,0.1035,41.78,34.84,48.69,,D,0
OH,15,Johnathan,Miller,L,0,0,2.99,0.99,5.45,,L,0
OH,16,Anthony,Gonzalez,R,0,0.6765,51.96,46.39,57.53,,R,0
OH,16,Susan,MoranPalmer,D,0,0.3235,48.04,42.47,53.61,,D,0
OK,1,Kevin,Hern,R,0,0.9618,58.13,52.39,63.79,,R,0
OK,1,Tim,Gilpin,D,0,0.0382,41.87,36.21,47.61,,D,0
OK,2,Markwayne,Mullin,R,1,0.9813,59.26,52.39,66.16,,R,1
OK,2,Jason,Nichols,D,0,0.0187,36.78,29.86,43.57,,D,0
OK,2,Others,Others,,0,0,3.96,1.47,6.95,,,0
OK,3,Frank,Lucas,R,1,0.9982,65.6,59.33,71.9,,R,1
OK,3,Frankie,Robbins,D,0,0.0018,34.4,28.1,40.67,,D,0
OK,4,Tom,Cole,R,1,0.9958,61.79,55.58,67.95,,R,1
OK,4,Mary,Brannon,D,0,0.0042,35.1,28.93,41.3,,D,0
OK,4,Ruby,Peters,I,0,0,3.1,1.06,5.64,,I,0
OK,5,Steve,Russell,R,1,0.9246,55.34,50.62,59.99,,R,1
OK,5,Kendra,Horn,D,0,0.0754,44.66,40.01,49.38,,D,0
OR,1,Suzanne,Bonamici,D,1,0.9996,69.68,62.89,76.51,,D,1
OR,1,John,Verbeek,R,0,0.0004,26.07,19.19,32.87,,R,0
OR,1,Drew,Layda,L,0,0,4.25,1.64,7.4,,L,0
OR,2,Greg,Walden,R,1,0.9246,54.45,48.44,60.42,,R,1
OR,2,Jamie,McLeod-Skinner,D,0,0.0754,41.45,35.47,47.42,,D,0
OR,2,Mark,Roberts,I,0,0,4.11,1.57,7.17,,I,0
OR,3,Earl,Blumenauer,D,1,1,83.51,76.81,89.76,,D,1
OR,3,Others,Others,,0,0,16.49,10.24,23.19,,,0
OR,4,Peter,DeFazio,D,1,0.9915,61.59,54.66,68.53,,D,1
OR,4,Arthur,B.Robinson,R,0,0.0085,34.38,27.4,41.25,,R,0
OR,4,Michael,Bellstein,G,0,0,4.03,1.52,7.03,,G,0
OR,5,Kurt,Schrader,D,1,0.5312,48.26,41.13,55.47,,D,1
OR,5,Mark,Callahan,R,0,0.4688,47.49,40.22,54.65,,R,0
OR,5,Others,Others,,0,0,4.25,1.65,7.37,,,0
PA,1,Scott,Wallace,D,0,0.5294,50.24,45.88,54.68,,D,0
PA,1,Brian,Fitzpatrick,R,1,0.4706,49.76,45.32,54.12,,R,1
PA,2,Brendan,Boyle,D,1,1,82.83,76.72,89.02,,D,1
PA,2,David,Torres,R,0,0,17.17,10.98,23.28,,R,0
PA,3,Dwight,Evans,D,1,1,94.37,90.79,98,,D,1
PA,3,Bryan,E.Leib,R,0,0,5.63,2,9.21,,R,0
PA,4,Madeleine,Dean,D,0,0.991,63.84,56.85,70.79,,D,0
PA,4,Dan,David,R,0,0.009,36.16,29.21,43.15,,R,0
PA,5,Mary,GayScanlon,D,0,0.9984,68.39,61.47,75.23,,D,0
PA,5,Pearl,Kim,R,0,0.0016,31.61,24.77,38.53,,R,0
PA,6,Chrissy,Houlahan,D,0,0.9481,58.87,52,65.73,,D,0
PA,6,Greg,McCauley,R,0,0.0519,41.13,34.27,48,,R,0
PA,7,Susan,Wild,D,0,0.875,52.27,47.92,56.53,,D,0
PA,7,Marty,Nothstein,R,0,0.125,44.85,40.54,49.16,,R,0
PA,7,Tim,Silfies,L,0,0,2.88,0.94,5.28,,L,0
PA,8,Matt,Cartwright,D,1,0.9711,56.72,52.3,61.18,,D,1
PA,8,John,Chrin,R,0,0.0289,43.28,38.82,47.7,,R,0
PA,9,Dan,Meuser,R,0,0.9647,58.7,52.7,64.69,,R,0
PA,9,Denny,Wolff,D,0,0.0353,41.3,35.31,47.3,,D,0
PA,10,Scott,Perry,R,1,0.6696,51.5,47.01,55.97,,R,1
PA,10,George,Scott,D,0,0.3304,48.5,44.03,52.99,,D,0
PA,11,Lloyd,Smucker,R,1,0.9169,55.77,50.46,61.13,,R,1
PA,11,Jess,King,D,0,0.0831,44.23,38.87,49.54,,D,0
PA,12,Tom,Marino,R,1,0.9977,67.46,60.4,74.38,,R,1
PA,12,Marc,Friedenberg,D,0,0.0023,32.54,25.62,39.6,,D,0
PA,13,John,Joyce,R,0,0.9918,61.23,55.64,66.86,,R,0
PA,13,Brent,Ottaway,D,0,0.0082,38.77,33.14,44.36,,D,0
PA,14,Guy,Reschenthaler,R,0,0.9372,58.6,51.49,65.67,,R,0
PA,14,Bibiana,Boerio,D,0,0.0628,41.4,34.33,48.51,,D,0
PA,15,Glenn,W.Thompson,R,1,0.9989,70.12,62.84,77.41,,R,1
PA,15,Susan,Boser,D,0,0.0011,29.88,22.59,37.16,,D,0
PA,16,Mike,Kelly,R,1,0.6772,50.52,45.52,55.49,,R,1
PA,16,Ron,DiNicola,D,0,0.3228,47.11,42.17,52.05,,D,0
PA,16,Ebert,GBillBeeman,L,0,0,2.37,0.73,4.44,,L,0
PA,17,Conor,Lamb,D,1,0.8895,54.92,49.75,60.05,,D,1
PA,17,Keith,Rothfus,R,1,0.1105,45.08,39.95,50.25,,R,1
PA,18,Mike,Doyle,D,1,1,100,100,100,,D,1
RI,1,David,Cicilline,D,1,0.9999,78.31,71.55,85.06,,D,1
RI,1,Patrick,Donovan,R,0,0.0001,21.69,14.94,28.45,,R,0
RI,2,Jim,Langevin,D,1,0.9994,71.88,65.03,78.87,,D,1
RI,2,Salvatore,Caiozzo,R,0,0.0006,28.12,21.13,34.97,,R,0
SC,1,Katie,Arrington,R,0,0.8148,53.62,48.37,58.87,,R,0
SC,1,Joe,Cunningham,D,0,0.1852,46.38,41.13,51.63,,D,0
SC,2,Joe,Wilson,R,1,0.9777,60.18,53.04,67.3,,R,1
SC,2,Sean,Carrigan,D,0,0.0223,36.99,29.9,44.12,,D,0
SC,2,Sonny,Narang,A,0,0,2.83,0.92,5.18,,A,0
SC,3,Jeff,Duncan,R,1,0.9992,68.91,61.89,75.84,,R,1
SC,3,Mary,Geren,D,0,0.0008,28.1,21.17,35.11,,D,0
SC,3,Dave,Moore,A,0,0,2.98,0.99,5.46,,A,0
SC,4,William,Timmons,R,0,0.976,59.46,52.46,66.39,,R,0
SC,4,Brandon,Brown,D,0,0.024,37.15,30.18,44.11,,D,0
SC,4,Guy,Furay,A,0,0,3.38,1.19,6.06,,A,0
SC,5,Ralph,Norman,R,1,0.9733,59.28,52.28,66.15,,R,1
SC,5,Archie,Parnell,D,0,0.0267,37.91,31.02,44.89,,D,0
SC,5,Michael,Chandler,C,0,0,2.81,0.92,5.15,,C,0
SC,6,James,E.Clyburn,D,1,1,76.13,69.23,82.95,,D,1
SC,6,Bryan,Pugh,G,0,0,2.93,0.98,5.37,,G,0
SC,6,Gerhard,Gressmann,R,0,0,20.94,14.1,27.84,,R,0
SC,7,Tom,Rice,R,1,0.9739,60.76,53.9,67.54,,R,1
SC,7,Robert,Williams,D,0,0.0261,39.24,32.46,46.1,,D,0
SD,1,Dusty,Johnson,R,0,0.986,57.08,51.44,62.62,,R,0
SD,1,Tim,Bjorkman,D,0,0.014,38.27,32.68,43.84,,D,0
SD,1,Others,Others,,0,0,4.66,1.85,8.02,,,0
TN,1,Phil,Roe,R,1,1,76.74,69.8,83.7,,R,1
TN,1,Marty,Olsen,D,0,0,20.05,13.04,26.99,,D,0
TN,1,Michael,Salyer,I,0,0,3.22,1.1,5.82,,I,0
TN,2,Tim,Burchett,R,0,0.996,63.03,56.1,69.95,,R,0
TN,2,Renee,Hoyos,D,0,0.004,32.19,25.26,39.1,,D,0
TN,2,Others,Others,,0,0,4.78,1.92,8.18,,,0
TN,3,Chuck,Fleischmann,R,1,0.9986,67.36,60.22,74.47,,R,1
TN,3,Danielle,Mitchell,D,0,0.0014,29.62,22.5,36.7,,D,0
TN,3,Rick,Tyler,I,0,0,3.02,1.02,5.46,,I,0
TN,4,Scott,DesJarlais,R,1,0.9993,69.77,62.74,76.77,,R,1
TN,4,Mariah,Phillips,D,0,0.0007,27.17,20.07,34.15,,D,0
TN,4,Michael,Shupe,I,0,0,3.07,1.02,5.56,,I,0
TN,5,Jim,Cooper,D,1,0.9988,68.1,61.63,74.64,,D,1
TN,5,Jody,M.Ball,R,0,0.0012,31.9,25.36,38.37,,R,0
TN,6,John,Rose,R,0,0.9994,68.47,61.29,75.63,,R,0
TN,6,Dawn,Barlow,D,0,0.0006,27.44,20.27,34.58,,D,0
TN,6,Others,Others,,0,0,4.1,1.56,7.17,,,0
TN,7,Mark,E.Green,R,0,0.9964,64.27,56.99,71.46,,R,0
TN,7,Justin,Kanew,D,0,0.0036,31.74,24.56,38.98,,D,0
TN,7,Others,Others,,0,0,3.99,1.49,7.01,,,0
TN,8,David,Kustoff,R,1,0.9994,68.44,61.32,75.52,,R,1
TN,8,Erika,StottsPearson,D,0,0.0006,28.52,21.43,35.61,,D,0
TN,8,James,Hart,I,0,0,3.04,1.02,5.53,,I,0
TN,9,Steve,Cohen,D,1,1,83.26,76.74,89.7,,D,1
TN,9,Leo,AwGoWhat,I,0,0,3.18,1.09,5.73,,I,0
TN,9,Charlotte,Bergmann,R,0,0,13.56,7.14,20.05,,R,0
TX,1,Louie,Gohmert,R,1,0.9999,74.85,67.83,81.8,,R,1
TX,1,Shirley,McKellar,D,0,0.0001,21.96,14.99,28.98,,D,0
TX,1,Jeff,Callaway,L,0,0,3.18,1.09,5.73,,L,0
TX,2,Dan,Crenshaw,R,0,0.7886,51.65,45.85,57.39,,R,0
TX,2,Todd,Litton,D,0,0.2114,44.72,38.97,50.52,,D,0
TX,2,Others,Others,,0,0,3.63,1.31,6.44,,,0
TX,3,Van,Taylor,R,0,0.9381,56.87,49.69,64.03,,R,0
TX,3,Lorie,Burch,D,0,0.0619,39.7,32.46,46.83,,D,0
TX,3,Christopher,Claytor,L,0,0,3.43,1.2,6.17,,L,0
TX,4,John,Ratcliffe,R,1,1,77.06,70.17,83.96,,R,1
TX,4,Catherine,Krantz,D,0,0,19.7,12.81,26.57,,D,0
TX,4,Ken,Ashby,L,0,0,3.24,1.11,5.85,,L,0
TX,5,Lance,Gooden,R,0,0.993,64.22,57.39,71,,R,0
TX,5,Dan,Wood,D,0,0.007,35.78,29,42.61,,D,0
TX,6,Ron,Wright,R,0,0.8492,52.8,47.19,58.39,,R,0
TX,6,Jana,LynneSanchez,D,0,0.1508,44.09,38.45,49.68,,D,0
TX,6,Jason,Harber,L,0,0,3.12,1.05,5.65,,L,0
TX,7,John,Culberson,R,1,0.5933,50.97,45.51,56.41,,R,1
TX,7,Lizzie,PannillFletcher,D,0,0.4067,49.03,43.59,54.49,,D,0
TX,8,Kevin,Brady,R,1,1,76.91,70.03,83.81,,R,1
TX,8,Steven,David,D,0,0,19.86,12.93,26.73,,D,0
TX,8,Chris,Duncan,L,0,0,3.23,1.11,5.87,,L,0
TX,9,Al,Green,D,1,1,85.19,78.68,91.21,,D,1
TX,9,Others,Others,,0,0,14.81,8.79,21.32,,,0
TX,10,Michael,T.McCaul,R,1,0.8595,53.3,47.18,59.44,,R,1
TX,10,Mike,Siegel,D,0,0.1405,43.33,37.18,49.45,,D,0
TX,10,Mike,Ryan,L,0,0,3.37,1.17,6.04,,L,0
TX,11,K.,MichaelConaway,R,1,1,80.56,73.76,87.27,,R,1
TX,11,Jennie,LouLeeder,D,0,0,16.13,9.42,22.93,,D,0
TX,11,Rhett,RosenquestSmith,L,0,0,3.31,1.15,5.98,,L,0
TX,12,Kay,Granger,R,1,0.9987,63.57,57.79,69.31,,R,1
TX,12,Vanessa,Adia,D,0,0.0013,33.87,28.07,39.67,,D,0
TX,12,Jacob,Leddy,L,0,0,2.56,0.8,4.76,,L,0
TX,13,Mac,Thornberry,R,1,1,81.91,75.45,88.42,,R,1
TX,13,Greg,Sagan,D,0,0,14.74,8.16,21.21,,D,0
TX,13,Calvin,DeWeese,L,0,0,3.35,1.17,6.04,,L,0
TX,14,Randy,Weber,R,1,0.9913,63,55.75,70.2,,R,1
TX,14,Adrienne,Bell,D,0,0.0087,34.06,26.91,41.29,,D,0
TX,14,Don,ConleyIII,L,0,0,2.94,0.97,5.34,,L,0
TX,15,Vicente,Gonzalez,D,1,0.9935,64.17,56.72,71.65,,D,1
TX,15,Tim,Westley,R,0,0.0065,33.03,25.55,40.48,,R,0
TX,15,Anthony,Cristo,L,0,0,2.8,0.91,5.15,,L,0
TX,16,Veronica,Escobar,D,0,0.9981,67.36,59.82,74.94,,D,0
TX,16,Rick,Seeberger,R,0,0.0019,29.15,21.58,36.67,,R,0
TX,16,Ben,Mendoza,I,0,0,3.49,1.24,6.22,,I,0
TX,17,Bill,Flores,R,1,0.9774,57.54,52.03,62.98,,R,1
TX,17,Rick,Kennedy,D,0,0.0226,40.21,34.75,45.72,,D,0
TX,17,Peter,Churchman,L,0,0,2.25,0.66,4.23,,L,0
TX,18,Sheila,JacksonLee,D,1,1,81.31,74.58,88.12,,D,1
TX,18,Ava,ReyneroPate,R,0,0,15.14,8.36,21.84,,R,0
TX,18,Others,Others,,0,0,3.55,1.27,6.33,,,0
TX,19,Jodey,Arrington,R,1,0.9999,78.34,71.53,85.14,,R,1
TX,19,Miguel,Levario,D,0,0.0001,21.66,14.86,28.47,,D,0
TX,20,Joaquin,Castro,D,1,0.9998,81.84,75.07,88.21,,D,1
TX,20,Jeffrey,Blunt,L,0,0.0002,18.16,11.79,24.93,,L,0
TX,21,Chip,Roy,R,0,0.7843,51.12,45.88,56.38,,R,0
TX,21,Joseph,Kopser,D,0,0.2156,45.03,39.77,50.23,,D,0
TX,21,Lee,Santos,L,0,0.0001,3.84,1.42,6.78,,L,0
TX,22,Pete,Olson,R,1,0.9749,59.57,52.36,66.77,,R,1
TX,22,Sri,PrestonKulkarni,D,0,0.0251,37.19,30.02,44.38,,D,0
TX,22,Others,Others,,0,0,3.24,1.11,5.85,,,0
TX,23,Will,Hurd,R,1,0.958,56.64,50.77,62.43,,R,1
TX,23,Gina,OrtizJones,D,0,0.042,40.86,35.04,46.73,,D,0
TX,23,Ruben,Corvalan,L,0,0,2.5,0.77,4.66,,L,0
TX,24,Kenny,Marchant,R,1,0.9649,59.81,53.07,66.52,,R,1
TX,24,Jan,McDowell,D,0,0.0351,40.19,33.48,46.93,,D,0
TX,25,Roger,Williams,R,1,0.9813,60.18,53.2,67.04,,R,1
TX,25,Julie,Oliver,D,0,0.0187,36.91,30.02,43.85,,D,0
TX,25,Desarae,Lindsey,L,0,0,2.91,0.97,5.34,,L,0
TX,26,Michael,Burgess,R,1,0.9984,67.11,59.97,74.26,,R,1
TX,26,Linsey,Fagan,D,0,0.0016,29.86,22.67,36.99,,D,0
TX,26,Mark,Boler,L,0,0,3.03,1.02,5.5,,L,0
TX,27,Michael,Cloud,R,1,0.9956,64.84,57.52,72.16,,R,1
TX,27,Eric,Holguin,D,0,0.0044,31.83,24.45,39.14,,D,0
TX,27,Others,Others,,0,0,3.33,1.16,5.98,,,0
TX,28,Henry,Cuellar,D,1,0.9999,81.04,74.14,87.55,,D,1
TX,28,Arthur,ThomasIV,L,0,0.0001,18.96,12.45,25.86,,L,0
TX,29,Sylvia,R.Garcia,D,0,0.9986,69.38,61.16,77.57,,D,0
TX,29,Phillip,Aronoff,R,0,0.0014,27.07,18.89,35.3,,R,0
TX,29,Cullen,Burns,L,0,0,3.54,1.27,6.3,,L,0
TX,30,Eddie,BerniceJohnson,D,1,1,88.38,82.41,93.73,,D,1
TX,30,Shawn,Jones,L,0,0,11.62,6.27,17.59,,L,0
TX,31,John,Carter,R,1,0.9717,55.69,50.89,60.42,,R,1
TX,31,Mary,JenningsHegar,D,0,0.0283,41.63,36.84,46.39,,D,0
TX,31,Jason,Hope,L,0,0,2.69,0.85,4.97,,L,0
TX,32,Pete,Sessions,R,1,0.5188,48.98,44.17,53.77,,R,1
TX,32,Colin,Allred,D,0,0.4812,48.65,43.82,53.44,,D,0
TX,32,Melina,Baker,L,0,0,2.38,0.71,4.48,,L,0
TX,33,Marc,Veasey,D,1,0.9999,78.52,71,86.01,,D,1
TX,33,Willie,Billups,R,0,0.0001,18.39,10.9,25.89,,R,0
TX,33,Jason,Reeves,L,0,0,3.09,1.04,5.61,,L,0
TX,34,Filemon,Vela,D,1,0.9966,68.25,60.61,75.88,,D,1
TX,34,Rey,Gonzalez,R,0,0.0034,31.75,24.12,39.39,,R,0
TX,35,Lloyd,Doggett,D,1,0.9998,71.68,64.41,79.01,,D,1
TX,35,David,Smalling,R,0,0.0002,25.38,18.03,32.61,,R,0
TX,35,Clark,Patterson,L,0,0,2.94,0.96,5.37,,L,0
TX,36,Brian,Babin,R,1,0.9999,77,70.29,83.67,,R,1
TX,36,Dayna,Steele,D,0,0.0001,23,16.33,29.71,,D,0
UT,1,Rob,Bishop,R,1,0.996,59.31,52.13,66.37,,R,1
UT,1,Lee,Castillo,D,0,0.004,29.9,22.78,37.02,,D,0
UT,1,Others,Others,,0,0,10.79,5.97,16.14,,,0
UT,2,Chris,Stewart,R,1,0.9718,55.26,48.71,61.81,,R,1
UT,2,Shireen,Ghorbani,D,0,0.0281,36.53,29.89,43.03,,D,0
UT,2,Jeffrey,Whipple,L,0,0.0001,8.21,4.15,12.84,,L,0
UT,3,John,R.Curtis,R,1,0.9959,61.65,53.81,69.35,,R,1
UT,3,James,Singer,D,0,0.0041,28.66,20.88,36.42,,D,0
UT,3,Others,Others,,0,0,9.69,5.19,14.75,,,0
UT,4,Ben,McAdams,D,0,0.6195,51.17,46.08,56.27,,D,0
UT,4,Mia,Love,R,1,0.3805,48.83,43.73,53.92,,R,1
VA,1,Robert,J.Wittman,R,1,0.9254,57.74,50.87,64.51,,R,1
VA,1,Vangie,Williams,D,0,0.0746,42.26,35.49,49.13,,D,0
VA,2,Scott,Taylor,R,1,0.7494,52.13,48.03,56.24,,R,1
VA,2,Elaine,Luria,D,0,0.2506,47.87,43.76,51.97,,D,0
VA,3,Robert,C.Scott,D,1,1,100,100,100,,D,1
VA,4,A.,DonaldMcEachin,D,1,0.9994,69.1,62.18,75.97,,D,1
VA,4,Ryan,McAdams,R,0,0.0006,27.9,21.02,34.78,,R,0
VA,4,Pete,Wells,L,0,0,3,1.01,5.45,,L,0
VA,5,Leslie,Cockburn,D,0,0.5152,50.14,45.5,54.78,,D,0
VA,5,Denver,Riggleman,R,0,0.4848,49.86,45.22,54.5,,R,0
VA,6,Ben,Cline,R,0,0.9532,59.14,52.28,65.93,,R,0
VA,6,Jennifer,Lewis,D,0,0.0468,40.86,34.07,47.72,,D,0
VA,7,Dave,Brat,R,1,0.58,49.34,44.71,53.91,,R,1
VA,7,Abigail,Spanberger,D,0,0.42,47.94,43.38,52.53,,D,0
VA,7,Joe,Walton,L,0,0,2.72,0.87,5.01,,L,0
VA,8,Don,Beyer,D,1,1,81.57,75.1,88.06,,D,1
VA,8,Thomas,Oh,R,0,0,18.43,11.94,24.9,,R,0
VA,9,Morgan,Griffith,R,1,0.9723,60.42,53.69,67.13,,R,1
VA,9,Anthony,Flaccavento,D,0,0.0277,39.58,32.87,46.31,,D,0
VA,10,Jennifer,Wexton,D,0,0.8558,53.86,49.17,58.57,,D,0
VA,10,Barbara,Comstock,R,1,0.1442,46.14,41.43,50.83,,R,1
VA,11,Gerald,E.Connolly,D,1,1,74.92,67.97,81.85,,D,1
VA,11,Stevan,Porter,L,0,0,3.12,1.05,5.67,,L,0
VA,11,Jeff,Dove,R,0,0,21.96,15.07,28.81,,R,0
VT,1,Peter,Welch,D,1,0.9996,65.34,59.07,71.61,,D,1
VT,1,Anya,Tynio,R,0,0.0004,28.77,22.48,34.97,,R,0
VT,1,Others,Others,,0,0,5.89,2.57,9.72,,,0
WA,1,Suzan,DelBene,D,1,0.9986,68.69,61.81,75.57,,D,1
WA,1,Jeffrey,Beeler,R,0,0.0014,31.31,24.43,38.19,,R,0
WA,2,Rick,Larsen,D,1,0.9996,77.63,70.6,84.33,,D,1
WA,2,Brian,Luke,L,0,0.0004,22.37,15.67,29.4,,L,0
WA,3,Jaime,HerreraBeutler,R,1,0.7484,52.41,47.85,57.01,,R,1
WA,3,Carolyn,Long,D,0,0.2516,47.59,42.99,52.15,,D,0
WA,4,Dan,Newhouse,R,1,0.9921,64.6,57.39,71.74,,R,1
WA,4,Christine,Brown,D,0,0.0079,35.4,28.26,42.61,,D,0
WA,5,Cathy,McMorrisRodgers,R,1,0.8275,54.02,48.52,59.46,,R,1
WA,5,Lisa,Brown,D,0,0.1725,45.98,40.54,51.48,,D,0
WA,6,Derek,Kilmer,D,1,0.9983,68.21,61.35,75.16,,D,1
WA,6,Douglas,Dightman,R,0,0.0017,31.79,24.84,38.65,,R,0
WA,7,Pramila,Jayapal,D,1,1,89.28,84.07,94.51,,D,1
WA,7,Craig,Keller,R,0,0,10.72,5.49,15.93,,R,0
WA,8,Dino,Rossi,R,0,0.6672,51.73,46.57,56.9,,R,0
WA,8,Kim,Schrier,D,0,0.3328,48.27,43.1,53.43,,D,0
WA,9,Adam,Smith,D,1,0.9855,61.72,54.84,68.73,,D,1
WA,9,Sarah,Smith,D,0,0.0145,38.28,31.27,45.16,,D,0
WA,10,Denny,Heck,D,1,0.9978,67.13,60.38,73.95,,D,1
WA,10,Joseph,Brumbles,R,0,0.0022,32.87,26.05,39.62,,R,0
WI,1,Bryan,Steil,R,0,0.5777,49.22,43.94,54.34,,R,0
WI,1,Randy,Bryce,D,0,0.4222,47.66,42.49,52.88,,D,0
WI,1,Ken,Yorgan,I,0,0,3.12,1.07,5.65,,I,0
WI,2,Mark,Pocan,D,1,1,100,100,100,,D,1
WI,3,Ron,Kind,D,1,0.9861,62.72,55.73,69.68,,D,1
WI,3,Steve,Toft,R,0,0.0139,37.28,30.32,44.27,,R,0
WI,4,Gwen,Moore,D,1,1,81.69,75.4,87.96,,D,1
WI,4,Robert,R.Raymond,I,0,0,3.31,1.15,5.96,,I,0
WI,4,Tim,Rogers,R,0,0,15,8.7,21.27,,R,0
WI,5,F.,JamesSensenbrenner,R,1,0.9771,61.6,54.49,68.72,,R,1
WI,5,Tom,Palzewicz,D,0,0.0229,38.4,31.28,45.51,,D,0
WI,6,Glenn,Grothman,R,1,0.7226,52.44,47.09,57.73,,R,1
WI,6,Dan,Kohl,D,0,0.2774,47.56,42.27,52.91,,D,0
WI,7,Sean,P.Duffy,R,1,0.9378,57.16,49.86,64.41,,R,1
WI,7,Margaret,Engebretson,D,0,0.0622,39.83,32.52,47,,D,0
WI,7,Ken,Driessen,D,0,0,3.01,1.01,5.46,,D,0
WI,8,Mike,Gallagher,R,1,0.9127,57.53,50.44,64.54,,R,1
WI,8,Beau,Liegeois,D,0,0.0873,42.47,35.46,49.56,,D,0
WV,1,David,McKinley,R,1,0.9928,61.06,55.58,66.47,,R,1
WV,1,Kendra,Fershee,D,0,0.0072,38.94,33.53,44.42,,D,0
WV,2,Alex,Mooney,R,1,0.8815,53.59,47.81,59.34,,R,1
WV,2,Talley,Sergent,D,0,0.1185,43.25,37.46,49.04,,D,0
WV,2,Daniel,LutzJr.,M,0,0,3.16,1.09,5.68,,M,0
WV,3,Carol,Miller,R,0,0.7185,52.44,46.94,57.99,,R,0
WV,3,Richard,Ojeda,D,0,0.2815,47.56,42.01,53.06,,D,0
WY,1,Liz,Cheney,R,1,0.9999,71.58,64.25,78.89,,R,1
WY,1,Greg,Hunter,D,0,0.0001,23.46,16.07,30.82,,D,0
WY,1,Others,Others,,0,0,4.96,2.03,8.41,,,0