forecastdate,state,district,special,candidate_first,candidate_last,party,incumbent,model,win_prob,voteshare,p10_voteshare,p90_voteshare,,
11/2/18,AK,1,,Don,Young,R,1.00,lite,0.00,49.47,43.22,55.63,,1
11/2/18,AK,1,,Alyse,S.Galvin,D,0.00,lite,35.58,46.01,39.82,52.19,,0
11/2/18,AK,1,,Others,,,0.00,lite,0.00,4.52,1.78,7.78,,0
11/2/18,AL,1,,Bradley,Byrne,R,1.00,lite,99.57,65.2,58.37,71.94,,1
11/2/18,AL,1,,Robert,KennedyJr.,D,0.00,lite,0.43,34.8,28.06,41.63,,0
11/2/18,AL,2,,Martha,Roby,R,1.00,lite,99.63,66.36,59.3,73.44,,1
11/2/18,AL,2,,Tabitha,Isner,D,0.00,lite,0.37,33.64,26.56,40.7,,0
11/2/18,AL,3,,Mike,Rogers,R,1.00,lite,99.77,66.67,60.01,73.38,,1
11/2/18,AL,3,,Mallory,Hagan,D,0.00,lite,0.23,33.33,26.62,39.99,,0
11/2/18,AL,4,,Robert,B.Aderholt,R,1.00,lite,100.00,79.46,72.79,86.15,,1
11/2/18,AL,4,,Lee,Auman,D,0.00,lite,0.00,20.54,13.85,27.21,,0
11/2/18,AL,5,,Mo,Brooks,R,1.00,lite,99.75,67.06,60.15,73.93,,1
11/2/18,AL,5,,Peter,Joffrion,D,0.00,lite,0.25,32.94,26.07,39.85,,0
11/2/18,AL,6,,Gary,Palmer,R,1.00,lite,99.98,73.76,67.31,80.26,,1
11/2/18,AL,6,,Danner,Kline,D,0.00,lite,0.02,26.24,19.74,32.69,,0
11/2/18,AL,7,,Terri,A.Sewell,D,1.00,lite,100.00,100,100,100,,1
11/2/18,AR,1,,Rick,Crawford,R,1.00,lite,99.22,61.02,54.38,67.61,,1
11/2/18,AR,1,,Chintan,Desai,D,0.00,lite,0.78,35.15,28.58,41.78,,0
11/2/18,AR,1,,Elvis,Presley,LIB,0.00,lite,0.00,3.83,1.43,6.69,,0
11/2/18,AR,2,,French,Hill,R,1.00,lite,86.01,52.84,47.64,57.99,,1
11/2/18,AR,2,,Clarke,Tucker,D,0.00,lite,13.99,44.38,39.22,49.54,,0
11/2/18,AR,2,,Joe,RyneSwafford,LIB,0.00,lite,0.00,2.78,0.9,5.12,,0
11/2/18,AR,3,,Steve,Womack,R,1.00,lite,98.74,58.3,52.62,63.92,,1
11/2/18,AR,3,,Josh,Mahony,D,0.00,lite,1.26,38.26,32.63,43.9,,0
11/2/18,AR,3,,Michael,Kalagias,LIB,0.00,lite,0.00,3.44,1.21,6.16,,0
11/2/18,AR,4,,Bruce,Westerman,R,1.00,lite,98.90,59.62,53.28,65.89,,1
11/2/18,AR,4,,Hayden,Shamel,D,0.00,lite,1.09,36.46,30.18,42.72,,0
11/2/18,AR,4,,Tom,Canada,LIB,0.00,lite,0.00,3.92,1.46,6.88,,0
11/2/18,AZ,1,,Tom,O'Halleran,D,1.00,lite,71.57,52.23,47.14,57.34,,1
11/2/18,AZ,1,,Wendy,Rogers,R,0.00,lite,28.43,47.77,42.66,52.86,,0
11/2/18,AZ,2,,Ann,Kirkpatrick,D,0.00,lite,85.99,54.18,49.18,59.19,,0
11/2/18,AZ,2,,Lea,MarquezPeterson,R,0.00,lite,14.01,45.82,40.81,50.82,,0
11/2/18,AZ,3,,Raul,Grijalva,D,1.00,lite,99.95,72.15,64.87,79.43,,1
11/2/18,AZ,3,,Nick,Pierson,R,0.00,lite,0.05,27.85,20.57,35.13,,0
11/2/18,AZ,4,,Paul,A.Gosar,R,1.00,lite,99.72,62.59,56.2,68.98,,1
11/2/18,AZ,4,,David,Brill,D,0.00,lite,0.28,33.46,27.08,39.81,,0
11/2/18,AZ,4,,Haryaksha,GregorKnauer,G,0.00,lite,0.00,3.94,1.48,6.92,,0
11/2/18,AZ,5,,Andy,Biggs,R,1.00,lite,99.14,64.41,57.33,71.53,,1
11/2/18,AZ,5,,Joan,Greene,D,0.00,lite,0.86,35.59,28.47,42.67,,0
11/2/18,AZ,6,,David,Schweikert,R,1.00,lite,94.63,56.61,51.38,61.77,,1
11/2/18,AZ,6,,Anita,Malik,D,0.00,lite,5.37,43.39,38.23,48.62,,0
11/2/18,AZ,7,,Ruben,Gallego,D,1.00,lite,100.00,86.61,80.4,92.32,,1
11/2/18,AZ,7,,Gary,Swing,G,0.00,lite,0.00,13.39,7.68,19.6,,0
11/2/18,AZ,8,,Debbie,Lesko,R,1.00,lite,90.67,55.97,50.17,61.77,,1
11/2/18,AZ,8,,Hiral,Tipirneni,D,0.00,lite,9.33,44.03,38.23,49.83,,0
11/2/18,AZ,9,,Greg,Stanton,D,0.00,lite,94.27,58.59,51.74,65.41,,0
11/2/18,AZ,9,,Steve,Ferrara,R,0.00,lite,5.73,41.41,34.59,48.26,,0
11/2/18,CA,1,,Doug,LaMalfa,R,1.00,lite,97.15,61.19,53.94,68.41,,1
11/2/18,CA,1,,Audrey,Denney,D,0.00,lite,2.85,38.81,31.59,46.06,,0
11/2/18,CA,2,,Jared,Huffman,D,1.00,lite,100.00,81.31,75.38,87.19,,1
11/2/18,CA,2,,Dale,K.Mensing,R,0.00,lite,0.00,18.69,12.81,24.62,,0
11/2/18,CA,3,,John,Garamendi,D,1.00,lite,99.66,65.92,59.17,72.78,,1
11/2/18,CA,3,,Charlie,Schaupp,R,0.00,lite,0.34,34.08,27.22,40.83,,0
11/2/18,CA,4,,Tom,McClintock,R,1.00,lite,83.29,54.16,48.58,59.64,,1
11/2/18,CA,4,,Jessica,Morse,D,0.00,lite,16.71,45.84,40.36,51.42,,0
11/2/18,CA,5,,Mike,Thompson,D,1.00,lite,99.99,80.51,73.59,87.06,,1
11/2/18,CA,5,,Anthony,Mills,I,0.00,lite,0.01,19.49,12.94,26.41,,0
11/2/18,CA,6,,Doris,O.Matsui,D,1.00,lite,100.00,78.4,73.7,83.15,,1
11/2/18,CA,6,,Jrmar,Jefferson,D,0.00,lite,0.00,21.6,16.85,26.3,,0
11/2/18,CA,7,,Ami,Bera,D,1.00,lite,96.67,58.02,52.61,63.52,,1
11/2/18,CA,7,,Andrew,Grant,R,0.00,lite,3.33,41.98,36.48,47.39,,0
11/2/18,CA,8,,Paul,Cook,R,1.00,lite,96.72,60.09,53.15,67.2,,1
11/2/18,CA,8,,Tim,Donnelly,R,0.00,lite,3.28,39.91,32.8,46.85,,0
11/2/18,CA,9,,Jerry,McNerney,D,1.00,lite,99.85,67.9,61.17,74.68,,1
11/2/18,CA,9,,Marla,Livengood,R,0.00,lite,0.15,32.1,25.32,38.83,,0
11/2/18,CA,10,,Josh,Harder,D,0.00,lite,60.55,51,46.09,55.95,,0
11/2/18,CA,10,,Jeff,Denham,R,1.00,lite,39.45,49,44.05,53.91,,1
11/2/18,CA,11,,Mark,DeSaulnier,D,1.00,lite,100.00,80.96,74.57,87.44,,1
11/2/18,CA,11,,John,Fitzgerald,R,0.00,lite,0.00,19.04,12.56,25.43,,0
11/2/18,CA,12,,Nancy,Pelosi,D,1.00,lite,100.00,91.79,87.02,96.66,,1
11/2/18,CA,12,,Lisa,Remmer,R,0.00,lite,0.00,8.21,3.34,12.98,,0
11/2/18,CA,13,,Barbara,Lee,D,1.00,lite,99.99,90.15,84.64,95.07,,1
11/2/18,CA,13,,Laura,Wells,G,0.00,lite,0.01,9.85,4.93,15.36,,0
11/2/18,CA,14,,Jackie,Speier,D,1.00,lite,100.00,84.98,78.88,91.12,,1
11/2/18,CA,14,,Cristina,Osme√±a,R,0.00,lite,0.00,15.02,8.88,21.12,,0
11/2/18,CA,15,,Eric,Swalwell,D,1.00,lite,100.00,80.13,73.68,86.62,,1
11/2/18,CA,15,,Rudy,L.PetersJr.,R,0.00,lite,0.00,19.87,13.38,26.32,,0
11/2/18,CA,16,,Jim,Costa,D,1.00,lite,94.59,57.7,51.62,63.82,,1
11/2/18,CA,16,,Elizabeth,Heng,R,0.00,lite,5.41,42.3,36.18,48.38,,0
11/2/18,CA,17,,Ro,Khanna,D,1.00,lite,100.00,83.08,75.9,90.27,,1
11/2/18,CA,17,,Ron,Cohen,R,0.00,lite,0.00,16.92,9.73,24.1,,0
11/2/18,CA,18,,Anna,G.Eshoo,D,1.00,lite,100.00,82.5,75.76,89.25,,1
11/2/18,CA,18,,Christine,Russell,R,0.00,lite,0.00,17.5,10.75,24.24,,0
11/2/18,CA,19,,Zoe,Lofgren,D,1.00,lite,100.00,82.05,75.71,88.43,,1
11/2/18,CA,19,,Justin,JamesAguilera,R,0.00,lite,0.00,17.95,11.57,24.29,,0
11/2/18,CA,20,,Jimmy,Panetta,D,1.00,lite,99.96,76.98,70.02,83.64,,1
11/2/18,CA,20,,Ronald,PaulKabat,I,0.00,lite,0.04,23.02,16.36,29.98,,0
11/2/18,CA,21,,David,Valadao,R,1.00,lite,73.92,53.22,46.71,59.67,,1
11/2/18,CA,21,,TJ,Cox,D,0.00,lite,26.08,46.78,40.33,53.29,,0
11/2/18,CA,22,,Devin,Nunes,R,1.00,lite,90.43,54.92,50.1,59.75,,1
11/2/18,CA,22,,Andrew,Janz,D,0.00,lite,9.57,45.08,40.25,49.9,,0
11/2/18,CA,23,,Kevin,McCarthy,R,1.00,lite,99.46,65.23,58.17,72.22,,1
11/2/18,CA,23,,Tatiana,Matta,D,0.00,lite,0.54,34.77,27.78,41.83,,0
11/2/18,CA,24,,Salud,Carbajal,D,1.00,lite,94.61,57.96,51.76,64.23,,1
11/2/18,CA,24,,Justin,Fareed,R,0.00,lite,5.39,42.04,35.77,48.24,,0
11/2/18,CA,25,,Steve,Knight,R,1.00,lite,68.78,51.79,47.06,56.53,,1
11/2/18,CA,25,,Katie,Hill,D,0.00,lite,31.22,48.21,43.47,52.94,,0
11/2/18,CA,26,,Julia,Brownley,D,1.00,lite,99.80,68.77,61.59,75.95,,1
11/2/18,CA,26,,Antonio,SabatoJr.,R,0.00,lite,0.20,31.23,24.05,38.41,,0
11/2/18,CA,27,,Judy,Chu,D,1.00,lite,100.00,75.47,70.29,80.62,,1
11/2/18,CA,27,,Bryan,Witt,D,0.00,lite,0.00,24.53,19.38,29.71,,0
11/2/18,CA,28,,Adam,Schiff,D,1.00,lite,100.00,81.84,75.87,87.88,,1
11/2/18,CA,28,,Johnny,J.Nalbandian,R,0.00,lite,0.00,18.16,12.12,24.13,,0
11/2/18,CA,29,,Tony,C√°rdenas,D,1.00,lite,100.00,85.41,78.92,91.93,,1
11/2/18,CA,29,,Benito,BennyBernal,R,0.00,lite,0.00,14.59,8.07,21.08,,0
11/2/18,CA,30,,Brad,Sherman,D,1.00,lite,100.00,78.62,72.23,85.16,,1
11/2/18,CA,30,,Mark,S.Reed,R,0.00,lite,0.00,21.38,14.84,27.77,,0
11/2/18,CA,31,,Pete,Aguilar,D,1.00,lite,99.83,68.33,61.45,75.23,,1
11/2/18,CA,31,,Sean,Flynn,R,0.00,lite,0.17,31.67,24.77,38.55,,0
11/2/18,CA,32,,Grace,Napolitano,D,1.00,lite,99.99,76.39,69.65,83.2,,1
11/2/18,CA,32,,Joshua,M.Scott,R,0.00,lite,0.01,23.61,16.8,30.35,,0
11/2/18,CA,33,,Ted,Lieu,D,1.00,lite,99.99,77.34,70.16,84.52,,1
11/2/18,CA,33,,Kenneth,WestonWright,R,0.00,lite,0.01,22.66,15.48,29.84,,0
11/2/18,CA,34,,Jimmy,Gomez,D,1.00,lite,99.99,81.83,75.08,88.25,,1
11/2/18,CA,34,,Kenneth,Mejia,G,0.00,lite,0.01,18.17,11.75,24.92,,0
11/2/18,CA,35,,Norma,Torres,D,1.00,lite,99.99,77.35,70.59,84,,1
11/2/18,CA,35,,Christian,LeonelValiente,R,0.00,lite,0.01,22.65,16,29.41,,0
11/2/18,CA,36,,Raul,Ruiz,D,1.00,lite,98.59,62.69,55.78,69.64,,1
11/2/18,CA,36,,Kimberlin,BrownPelzer,R,0.00,lite,1.41,37.31,30.36,44.22,,0
11/2/18,CA,37,,Karen,Bass,D,1.00,lite,100.00,90.94,86.23,95.7,,1
11/2/18,CA,37,,Ron,J.Bassilian,R,0.00,lite,0.00,9.06,4.3,13.77,,0
11/2/18,CA,38,,Linda,S√°nchez,D,1.00,lite,100.00,76.55,69.91,83.2,,1
11/2/18,CA,38,,Ryan,Downing,R,0.00,lite,0.00,23.45,16.8,30.09,,0
11/2/18,CA,39,,Young,Kim,R,0.00,lite,56.75,50.65,45.68,55.55,,0
11/2/18,CA,39,,Gil,Cisneros,D,0.00,lite,43.25,49.35,44.45,54.32,,0
11/2/18,CA,40,,Lucille,Roybal-Allard,D,1.00,lite,99.97,77.4,70.4,84.06,,1
11/2/18,CA,40,,Rodolfo,CortesBarragan,G,0.00,lite,0.03,22.6,15.94,29.6,,0
11/2/18,CA,41,,Mark,Takano,D,1.00,lite,99.96,71.75,64.73,78.78,,1
11/2/18,CA,41,,Aja,Smith,R,0.00,lite,0.04,28.25,21.22,35.27,,0
11/2/18,CA,42,,Ken,Calvert,R,1.00,lite,96.00,59.96,52.87,66.98,,1
11/2/18,CA,42,,Julia,C.Peacock,D,0.00,lite,4.00,40.04,33.02,47.13,,0
11/2/18,CA,43,,Maxine,Waters,D,1.00,lite,100.00,85.85,79.85,91.9,,1
11/2/18,CA,43,,Omar,Navarro,R,0.00,lite,0.00,14.15,8.1,20.15,,0
11/2/18,CA,44,,Nanette,DiazBarrag√°n,D,1.00,lite,100.00,72.65,67.19,78.14,,1
11/2/18,CA,44,,Aja,L.Brown,D,0.00,lite,0.00,27.35,21.86,32.81,,0
11/2/18,CA,45,,Katie,Porter,D,0.00,lite,52.14,50.18,45.32,55.02,,0
11/2/18,CA,45,,Mimi,Walters,R,1.00,lite,47.86,49.82,44.98,54.68,,1
11/2/18,CA,46,,J.,LuisCorrea,D,1.00,lite,99.99,75.17,68.26,82.03,,1
11/2/18,CA,46,,Russell,ReneLambert,R,0.00,lite,0.01,24.83,17.97,31.74,,0
11/2/18,CA,47,,Alan,Lowenthal,D,1.00,lite,99.98,73.13,66.54,79.83,,1
11/2/18,CA,47,,John,Briscoe,R,0.00,lite,0.02,26.87,20.17,33.46,,0
11/2/18,CA,48,,Dana,Rohrabacher,R,1.00,lite,55.32,50.52,45.75,55.2,,1
11/2/18,CA,48,,Harley,Rouda,D,0.00,lite,44.68,49.48,44.8,54.25,,0
11/2/18,CA,49,,Mike,Levin,D,0.00,lite,91.90,54.85,50.44,59.26,,0
11/2/18,CA,49,,Diane,L.Harkey,R,0.00,lite,8.10,45.15,40.74,49.56,,0
11/2/18,CA,50,,Duncan,D.Hunter,R,1.00,lite,74.13,52.4,47.59,57.13,,1
11/2/18,CA,50,,Ammar,Campa-Najjar,D,0.00,lite,25.87,47.6,42.87,52.41,,0
11/2/18,CA,51,,Juan,Vargas,D,1.00,lite,99.99,80.18,73.17,87.26,,1
11/2/18,CA,51,,Juan,M.HidalgoJr.,R,0.00,lite,0.01,19.82,12.74,26.83,,0
11/2/18,CA,52,,Scott,Peters,D,1.00,lite,99.88,68.93,61.96,76.03,,1
11/2/18,CA,52,,Omar,Qudrat,R,0.00,lite,0.12,31.07,23.97,38.04,,0
11/2/18,CA,53,,Susan,Davis,D,1.00,lite,100.00,74.73,68.29,81.28,,1
11/2/18,CA,53,,Morgan,Murtaugh,R,0.00,lite,0.00,25.27,18.72,31.71,,0
11/2/18,CO,1,,Diana,DeGette,D,1.00,lite,100.00,78.23,71.77,84.7,,1
11/2/18,CO,1,,Charles,CasperStockham,R,0.00,lite,0.00,17.48,11.01,23.93,,0
11/2/18,CO,1,,Others,,,0.00,lite,0.00,4.29,1.64,7.46,,0
11/2/18,CO,2,,Joe,Neguse,D,0.00,lite,99.41,63.05,55.75,70.3,,0
11/2/18,CO,2,,Peter,Yu,R,0.00,lite,0.59,32.31,24.96,39.57,,0
11/2/18,CO,2,,Others,,,0.00,lite,0.00,4.64,1.87,7.94,,0
11/2/18,CO,3,,Scott,Tipton,R,1.00,lite,92.51,54.23,48.5,59.94,,1
11/2/18,CO,3,,Diane,MitschBush,D,0.00,lite,7.49,41.82,36.11,47.49,,0
11/2/18,CO,3,,Others,,,0.00,lite,0.00,3.94,1.47,6.95,,0
11/2/18,CO,4,,Ken,Buck,R,1.00,lite,98.49,62.69,55.62,69.7,,1
11/2/18,CO,4,,Karen,McCormick,D,0.00,lite,1.51,37.31,30.3,44.38,,0
11/2/18,CO,5,,Doug,Lamborn,R,1.00,lite,98.94,63.58,56.5,70.68,,1
11/2/18,CO,5,,Stephany,RoseSpaulding,D,0.00,lite,1.06,36.42,29.32,43.5,,0
11/2/18,CO,6,,Jason,Crow,D,0.00,lite,86.98,52.22,47.31,57.15,,0
11/2/18,CO,6,,Mike,Coffman,R,1.00,lite,13.02,44.02,39.07,48.92,,1
11/2/18,CO,6,,Others,,,0.00,lite,0.00,3.75,1.38,6.63,,0
11/2/18,CO,7,,Ed,Perlmutter,D,1.00,lite,99.76,64.95,57.85,71.99,,1
11/2/18,CO,7,,Mark,Barrington,R,0.00,lite,0.24,31.14,24.1,38.15,,0
11/2/18,CO,7,,Others,,,0.00,lite,0.00,3.91,1.45,6.89,,0
11/2/18,CT,1,,John,B.Larson,D,1.00,lite,99.97,71.07,64.38,77.78,,1
11/2/18,CT,1,,Jennifer,Nye,R,0.00,lite,0.03,26.14,19.41,32.81,,0
11/2/18,CT,1,,Tom,McCormick,GRE,0.00,lite,0.00,2.8,0.92,5.12,,0
11/2/18,CT,2,,Joe,Courtney,D,1.00,lite,99.59,63.96,57.05,70.84,,1
11/2/18,CT,2,,Dan,Postemski,R,0.00,lite,0.41,33.07,26.18,39.95,,0
11/2/18,CT,2,,Others,,,0.00,lite,0.00,2.97,0.99,5.4,,0
11/2/18,CT,3,,Rosa,L.DeLauro,D,1.00,lite,99.93,69.9,63.26,76.68,,1
11/2/18,CT,3,,Angel,Cadena,R,0.00,lite,0.07,30.1,23.32,36.74,,0
11/2/18,CT,4,,Jim,Himes,D,1.00,lite,99.91,70.16,63.26,77.07,,1
11/2/18,CT,4,,Harry,Arora,R,0.00,lite,0.09,29.84,22.93,36.74,,0
11/2/18,CT,5,,Jahana,Hayes,D,0.00,lite,90.20,56.92,50.06,63.81,,0
11/2/18,CT,5,,Manny,Santos,R,0.00,lite,9.80,43.08,36.19,49.94,,0
11/2/18,DE,1,,Lisa,BluntRochester,D,1.00,lite,98.62,58.77,53.91,63.61,,1
11/2/18,DE,1,,Scott,Walker,R,0.00,lite,1.38,41.23,36.39,46.09,,0
11/2/18,FL,1,,Matt,Gaetz,R,1.00,lite,99.98,72.54,65.85,79.19,,1
11/2/18,FL,1,,Jennifer,Zimmerman,D,0.00,lite,0.02,27.46,20.81,34.15,,0
11/2/18,FL,2,,Neal,Dunn,R,1.00,lite,99.93,70.07,63.12,77.03,,1
11/2/18,FL,2,,Bob,Rackleff,D,0.00,lite,0.07,29.93,22.97,36.88,,0
11/2/18,FL,3,,Ted,Yoho,R,1.00,lite,97.20,60.83,53.8,67.84,,1
11/2/18,FL,3,,Yvonne,HayesHinson,D,0.00,lite,2.80,39.17,32.16,46.2,,0
11/2/18,FL,4,,John,Rutherford,R,1.00,lite,99.81,66.12,59.15,73.16,,1
11/2/18,FL,4,,George,GesSelmont,D,0.00,lite,0.19,30.7,23.61,37.64,,0
11/2/18,FL,4,,Others,,,0.00,lite,0.00,3.18,1.09,5.74,,0
11/2/18,FL,5,,Al,Lawson,D,1.00,lite,99.96,71.55,64.97,78.22,,1
11/2/18,FL,5,,Virginia,Fuller,R,0.00,lite,0.04,28.45,21.78,35.03,,0
11/2/18,FL,6,,Michael,Waltz,R,0.00,lite,70.17,51.92,47.12,56.76,,0
11/2/18,FL,6,,Nancy,Soderberg,D,0.00,lite,29.83,48.08,43.24,52.88,,0
11/2/18,FL,7,,Stephanie,Murphy,D,1.00,lite,83.16,54.26,48.51,60.07,,1
11/2/18,FL,7,,Mike,Miller,R,0.00,lite,16.84,45.74,39.93,51.49,,0
11/2/18,FL,8,,Bill,Posey,R,1.00,lite,98.31,62.39,55.34,69.45,,1
11/2/18,FL,8,,Sanjay,Patel,D,0.00,lite,1.69,37.61,30.55,44.66,,0
11/2/18,FL,9,,Darren,Soto,D,1.00,lite,89.52,55.19,49.9,60.47,,1
11/2/18,FL,9,,Wayne,Liebnitzky,R,0.00,lite,10.48,44.81,39.53,50.1,,0
11/2/18,FL,10,,Val,Demings,D,1.00,lite,100.00,100,100,100,,1
11/2/18,FL,11,,Daniel,Webster,R,1.00,lite,99.74,67.36,60.33,74.46,,1
11/2/18,FL,11,,Dana,Cottrell,D,0.00,lite,0.26,32.64,25.54,39.67,,0
11/2/18,FL,12,,Gus,M.Bilirakis,R,1.00,lite,95.28,56.11,50.24,61.88,,1
11/2/18,FL,12,,Chris,Hunter,D,0.00,lite,4.71,41.03,35.18,46.85,,0
11/2/18,FL,12,,Angelika,Purkis,NPA,0.00,lite,0.00,2.86,0.94,5.27,,0
11/2/18,FL,13,,Charlie,Crist,D,1.00,lite,98.72,62.81,55.93,69.71,,1
11/2/18,FL,13,,George,Buck,R,0.00,lite,1.28,37.19,30.29,44.07,,0
11/2/18,FL,14,,Kathy,Castor,D,1.00,lite,100.00,100,100,100,,1
11/2/18,FL,15,,Ross,Spano,R,0.00,lite,55.85,50.43,46.68,54.18,,0
11/2/18,FL,15,,Kristen,Carlson,D,0.00,lite,44.15,49.57,45.82,53.32,,0
11/2/18,FL,16,,Vern,Buchanan,R,1.00,lite,85.21,53.54,49.2,57.84,,1
11/2/18,FL,16,,David,Shapiro,D,0.00,lite,14.79,46.46,42.16,50.8,,0
11/2/18,FL,17,,Greg,Steube,R,0.00,lite,96.42,60.52,53.31,67.74,,0
11/2/18,FL,17,,April,Freeman,D,0.00,lite,3.58,39.48,32.26,46.69,,0
11/2/18,FL,18,,Brian,Mast,R,1.00,lite,86.60,54.13,49.3,58.96,,1
11/2/18,FL,18,,Lauren,Baer,D,0.00,lite,13.40,45.87,41.04,50.7,,0
11/2/18,FL,19,,Francis,Rooney,R,1.00,lite,94.77,57.6,51.74,63.54,,1
11/2/18,FL,19,,David,Holden,D,0.00,lite,5.23,42.4,36.46,48.26,,0
11/2/18,FL,20,,Alcee,L.Hastings,D,1.00,lite,100.00,100,100,100,,1
11/2/18,FL,21,,Lois,Frankel,D,1.00,lite,100.00,100,100,100,,1
11/2/18,FL,22,,Ted,Deutch,D,1.00,lite,99.68,66.6,59.68,73.47,,1
11/2/18,FL,22,,Nicolas,Kimaz,R,0.00,lite,0.32,33.4,26.53,40.32,,0
11/2/18,FL,23,,Debbie,WassermanSchultz,D,1.00,lite,99.94,69.66,62.74,76.68,,1
11/2/18,FL,23,,Joe,Kaufman,R,0.00,lite,0.06,27.3,20.26,34.21,,0
11/2/18,FL,23,,Others,,,0.00,lite,0.00,3.04,1.02,5.5,,0
11/2/18,FL,24,,Frederica,Wilson,D,1.00,lite,100.00,100,100,100,,1
11/2/18,FL,25,,Mario,Diaz-Balart,R,1.00,lite,80.15,54.13,47.86,60.46,,1
11/2/18,FL,25,,Mary,BarzeeFlores,D,0.00,lite,19.85,45.87,39.54,52.14,,0
11/2/18,FL,26,,Carlos,Curbelo,R,1.00,lite,51.94,50.22,45.21,55.2,,1
11/2/18,FL,26,,Debbie,Mucarsel-Powell,D,0.00,lite,48.06,49.78,44.8,54.79,,0
11/2/18,FL,27,,Donna,Shalala,D,0.00,lite,64.73,49.97,44.43,55.46,,0
11/2/18,FL,27,,Maria,Salazar,R,0.00,lite,35.26,46.86,41.33,52.38,,0
11/2/18,FL,27,,Mayra,Joli,NPA,0.00,lite,0.00,3.17,1.08,5.74,,0
11/2/18,GA,1,,Buddy,Carter,R,1.00,lite,98.05,61.33,54.69,68,,1
11/2/18,GA,1,,Lisa,M.Ring,D,0.00,lite,1.95,38.67,32,45.31,,0
11/2/18,GA,2,,Sanford,D.BishopJr.,D,1.00,lite,99.60,65.75,58.89,72.52,,1
11/2/18,GA,2,,Herman,WestJr.,R,0.00,lite,0.40,34.25,27.48,41.11,,0
11/2/18,GA,3,,A.,DrewFerguson,R,1.00,lite,99.91,69.65,62.95,76.27,,1
11/2/18,GA,3,,Chuck,Enderlin,D,0.00,lite,0.09,30.35,23.73,37.05,,0
11/2/18,GA,4,,Hank,Johnson,D,1.00,lite,100.00,81.94,75.92,88.01,,1
11/2/18,GA,4,,Joe,Profit,R,0.00,lite,0.00,18.06,11.99,24.08,,0
11/2/18,GA,5,,John,Lewis,D,1.00,lite,100.00,100,100,100,,1
11/2/18,GA,6,,Karen,C.Handel,R,1.00,lite,57.56,50.76,45.51,55.97,,1
11/2/18,GA,6,,Lucy,McBath,D,0.00,lite,42.44,49.24,44.03,54.49,,0
11/2/18,GA,7,,Rob,Woodall,R,1.00,lite,93.91,55.74,51.04,60.49,,1
11/2/18,GA,7,,Carolyn,Bourdeaux,D,0.00,lite,6.09,44.26,39.51,48.96,,0
11/2/18,GA,8,,Austin,Scott,R,1.00,lite,100.00,100,100,100,,1
11/2/18,GA,9,,Doug,Collins,R,1.00,lite,100.00,81.25,74.87,87.68,,1
11/2/18,GA,9,,Josh,McCall,D,0.00,lite,0.00,18.75,12.32,25.13,,0
11/2/18,GA,10,,Jody,Hice,R,1.00,lite,99.76,66.53,59.89,73.16,,1
11/2/18,GA,10,,Tabitha,A.Johnson-Green,D,0.00,lite,0.24,33.47,26.84,40.11,,0
11/2/18,GA,11,,Barry,Loudermilk,R,1.00,lite,99.83,68.01,61.16,74.83,,1
11/2/18,GA,11,,Flynn,D.BroadyJr.,D,0.00,lite,0.17,31.99,25.17,38.84,,0
11/2/18,GA,12,,Rick,Allen,R,1.00,lite,97.34,61.11,54.02,68.17,,1
11/2/18,GA,12,,Francys,Johnson,D,0.00,lite,2.66,38.89,31.83,45.98,,0
11/2/18,GA,13,,David,Scott,D,1.00,lite,100.00,78.2,71.84,84.56,,1
11/2/18,GA,13,,David,Callahan,R,0.00,lite,0.00,21.8,15.44,28.16,,0
11/2/18,GA,14,,Tom,Graves,R,1.00,lite,99.99,78.44,71.85,84.99,,1
11/2/18,GA,14,,Steven,LamarFoster,D,0.00,lite,0.01,21.56,15.01,28.15,,0
11/2/18,HI,1,,Ed,Case,D,0.00,lite,99.93,69.71,61.75,77.5,,0
11/2/18,HI,1,,Cam,Cavasso,R,0.00,lite,0.07,25.37,17.49,33.31,,0
11/2/18,HI,1,,Others,,,0.00,lite,0.00,4.93,2.02,8.4,,0
11/2/18,HI,2,,Tulsi,Gabbard,D,1.00,lite,99.99,78.32,71.4,85.27,,1
11/2/18,HI,2,,Brian,Evans,R,0.00,lite,0.01,21.68,14.73,28.6,,0
11/2/18,IA,1,,Abby,Finkenauer,D,0.00,lite,88.94,52.95,48.17,57.72,,0
11/2/18,IA,1,,Rod,Blum,R,1.00,lite,11.06,44.22,39.47,48.94,,1
11/2/18,IA,1,,Troy,Hageman,LIB,0.00,lite,0.00,2.83,0.92,5.2,,0
11/2/18,IA,2,,David,Loebsack,D,1.00,lite,96.11,55.77,50.45,61.03,,1
11/2/18,IA,2,,Christopher,Peters,R,0.00,lite,3.89,41.34,36.07,46.61,,0
11/2/18,IA,2,,Others,,,0.00,lite,0.00,2.89,0.96,5.28,,0
11/2/18,IA,3,,Cindy,Axne,D,0.00,lite,59.17,48.77,44.14,53.4,,0
11/2/18,IA,3,,David,Young,R,1.00,lite,40.83,47.24,42.58,51.81,,1
11/2/18,IA,3,,Others,,,0.00,lite,0.00,4,1.52,6.99,,0
11/2/18,IA,4,,Steve,King,R,1.00,lite,81.65,51.62,46.69,56.48,,1
11/2/18,IA,4,,J.D.,Scholten,D,0.00,lite,18.35,45.03,40.15,49.9,,0
11/2/18,IA,4,,Others,,,0.00,lite,0.00,3.35,1.16,6,,0
11/2/18,ID,1,,Russ,Fulcher,R,0.00,lite,92.93,52.38,44.93,59.88,,0
11/2/18,ID,1,,Cristina,McNeil,D,0.00,lite,7.07,36.39,28.87,43.8,,0
11/2/18,ID,1,,Others,,,0.00,lite,0.00,11.23,6.39,16.52,,0
11/2/18,ID,2,,Mike,Simpson,R,1.00,lite,97.76,61.5,54.43,68.59,,1
11/2/18,ID,2,,Aaron,Swisher,D,0.00,lite,2.24,38.5,31.41,45.57,,0
11/2/18,IL,1,,Bobby,L.Rush,D,1.00,lite,100.00,82.93,76.96,88.82,,1
11/2/18,IL,1,,Thomas,Rudbeck,IND,0.00,lite,0.00,3.48,1.24,6.24,,0
11/2/18,IL,1,,Jimmy,LeeTillmanII,R,0.00,lite,0.00,13.59,7.68,19.49,,0
11/2/18,IL,2,,Robin,Kelly,D,1.00,lite,100.00,86.06,80.25,91.87,,1
11/2/18,IL,2,,David,Merkle,R,0.00,lite,0.00,13.94,8.13,19.75,,0
11/2/18,IL,3,,Daniel,Lipinski,D,1.00,lite,99.79,67.17,60.39,73.99,,1
11/2/18,IL,3,,Arthur,J.Jones,R,0.00,lite,0.21,32.83,26.01,39.61,,0
11/2/18,IL,4,,Jesus,ChuyGarcia,D,0.00,lite,100.00,83.32,76.62,90.04,,0
11/2/18,IL,4,,Mark,WayneLorch,R,0.00,lite,0.00,16.68,9.96,23.38,,0
11/2/18,IL,5,,Mike,Quigley,D,1.00,lite,100.00,80.25,73.67,86.79,,1
11/2/18,IL,5,,Tom,Hanson,R,0.00,lite,0.00,19.75,13.21,26.33,,0
11/2/18,IL,6,,Sean,Casten,D,0.00,lite,54.73,50.42,45.44,55.41,,0
11/2/18,IL,6,,Peter,J.Roskam,R,1.00,lite,45.27,49.58,44.59,54.56,,1
11/2/18,IL,7,,Danny,K.Davis,D,1.00,lite,100.00,91.97,87.67,96.27,,1
11/2/18,IL,7,,Craig,Cameron,R,0.00,lite,0.00,8.03,3.73,12.33,,0
11/2/18,IL,8,,Raja,Krishnamoorthi,D,1.00,lite,99.88,69.92,62.76,77.05,,1
11/2/18,IL,8,,Jitendra,JDDiganvker,R,0.00,lite,0.12,30.08,22.95,37.24,,0
11/2/18,IL,9,,Jan,Schakowsky,D,1.00,lite,100.00,79.66,73.27,86.08,,1
11/2/18,IL,9,,John,D.Elleson,R,0.00,lite,0.00,20.34,13.92,26.73,,0
11/2/18,IL,10,,Bradley,Schneider,D,1.00,lite,99.97,72.69,65.8,79.54,,1
11/2/18,IL,10,,Douglas,R.Bennett,R,0.00,lite,0.03,27.31,20.46,34.2,,0
11/2/18,IL,11,,Bill,Foster,D,1.00,lite,99.92,70.59,63.7,77.49,,1
11/2/18,IL,11,,Nick,Stella,R,0.00,lite,0.08,29.41,22.51,36.3,,0
11/2/18,IL,12,,Mike,Bost,R,1.00,lite,83.12,52.02,47.13,56.89,,1
11/2/18,IL,12,,Brendan,Kelly,D,0.00,lite,16.88,45,40.09,49.88,,0
11/2/18,IL,12,,Randy,Auxier,GRE,0.00,lite,0.00,2.98,1,5.44,,0
11/2/18,IL,13,,Rodney,Davis,R,1.00,lite,78.22,52.78,48.17,57.33,,1
11/2/18,IL,13,,Betsy,DirksenLondrigan,D,0.00,lite,21.78,47.22,42.67,51.83,,0
11/2/18,IL,14,,Randy,Hultgren,R,1.00,lite,75.01,52.56,47.65,57.44,,1
11/2/18,IL,14,,Lauren,Underwood,D,0.00,lite,24.99,47.44,42.56,52.35,,0
11/2/18,IL,15,,John,Shimkus,R,1.00,lite,99.96,72.17,65.01,79.32,,1
11/2/18,IL,15,,Kevin,Gaither,D,0.00,lite,0.04,27.83,20.68,34.99,,0
11/2/18,IL,16,,Adam,Kinzinger,R,1.00,lite,94.20,56.39,51.24,61.59,,1
11/2/18,IL,16,,Sara,Dady,D,0.00,lite,5.80,43.61,38.41,48.76,,0
11/2/18,IL,17,,Cheri,Bustos,D,1.00,lite,99.31,64.11,57.4,70.83,,1
11/2/18,IL,17,,William,W.Fawell,R,0.00,lite,0.69,35.89,29.17,42.6,,0
11/2/18,IL,18,,Darin,LaHood,R,1.00,lite,99.34,64.53,57.67,71.3,,1
11/2/18,IL,18,,Junius,Rodriguez,D,0.00,lite,0.66,35.47,28.7,42.33,,0
11/2/18,IN,1,,Peter,Visclosky,D,1.00,lite,99.89,69.21,62.39,76,,1
11/2/18,IN,1,,Mark,Leyva,R,0.00,lite,0.11,30.79,24,37.61,,0
11/2/18,IN,2,,Jackie,Walorski,R,1.00,lite,97.14,60.92,53.78,67.98,,1
11/2/18,IN,2,,Mel,Hall,D,0.00,lite,2.86,39.08,32.02,46.22,,0
11/2/18,IN,3,,Jim,Banks,R,1.00,lite,97.53,59.21,53.39,64.98,,1
11/2/18,IN,3,,Courtney,Tritch,D,0.00,lite,2.47,40.79,35.02,46.61,,0
11/2/18,IN,4,,Jim,Baird,R,0.00,lite,98.06,61.5,54.69,68.29,,0
11/2/18,IN,4,,Tobi,Beck,D,0.00,lite,1.94,38.5,31.71,45.31,,0
11/2/18,IN,5,,Susan,W.Brooks,R,1.00,lite,82.42,53.46,48.65,58.27,,1
11/2/18,IN,5,,Dee,Thornton,D,0.00,lite,17.58,46.54,41.73,51.35,,0
11/2/18,IN,6,,Greg,Pence,R,0.00,lite,98.96,61.57,54.45,68.79,,0
11/2/18,IN,6,,Jeannine,LeeLake,D,0.00,lite,1.04,34.54,27.29,41.69,,0
11/2/18,IN,6,,Tom,Ferkinhoff,LIB,0.00,lite,0.00,3.89,1.46,6.83,,0
11/2/18,IN,7,,Andr√©,Carson,D,1.00,lite,99.96,72.08,65.44,78.85,,1
11/2/18,IN,7,,Wayne,GunnyHarmon,R,0.00,lite,0.04,27.92,21.15,34.56,,0
11/2/18,IN,8,,Larry,Bucshon,R,1.00,lite,99.47,65.22,58.28,72.12,,1
11/2/18,IN,8,,William,Tanoos,D,0.00,lite,0.53,34.78,27.88,41.72,,0
11/2/18,IN,9,,Trey,Hollingsworth,R,1.00,lite,89.57,54.98,49.89,60.06,,1
11/2/18,IN,9,,Liz,Watson,D,0.00,lite,10.43,45.02,39.94,50.11,,0
11/2/18,KS,1,,Roger,Marshall,R,1.00,lite,98.84,59.93,54.6,65.31,,1
11/2/18,KS,1,,Alan,LaPolice,D,0.00,lite,1.16,40.07,34.69,45.4,,0
11/2/18,KS,2,,Paul,Davis,D,0.00,lite,51.13,47.96,43.59,52.32,,0
11/2/18,KS,2,,Steve,Watkins,R,0.00,lite,48.87,47.78,43.41,52.13,,0
11/2/18,KS,2,,Kelly,Standley,LIB,0.00,lite,0.00,4.26,1.66,7.36,,0
11/2/18,KS,3,,Sharice,Davids,D,0.00,lite,88.79,53.31,48.06,58.58,,0
11/2/18,KS,3,,Kevin,Yoder,R,1.00,lite,11.21,43.74,38.47,48.95,,1
11/2/18,KS,3,,Chris,Clemmons,LIB,0.00,lite,0.00,2.96,0.99,5.36,,0
11/2/18,KS,4,,Ron,Estes,R,1.00,lite,99.31,61.69,55.93,67.45,,1
11/2/18,KS,4,,James,A.Thompson,D,0.00,lite,0.69,38.31,32.55,44.07,,0
11/2/18,KY,1,,James,Comer,R,1.00,lite,99.93,70.19,63.19,77.22,,1
11/2/18,KY,1,,Paul,Walker,D,0.00,lite,0.07,29.81,22.78,36.81,,0
11/2/18,KY,2,,Brett,S.Guthrie,R,1.00,lite,99.64,64.51,57.56,71.44,,1
11/2/18,KY,2,,Hank,Linderman,D,0.00,lite,0.36,32.44,25.47,39.41,,0
11/2/18,KY,2,,Thomas,Loecken,IND,0.00,lite,0.00,3.04,1.03,5.56,,0
11/2/18,KY,3,,John,A.Yarmuth,D,1.00,lite,99.97,69.75,63.09,76.33,,1
11/2/18,KY,3,,Vickie,Glisson,R,0.00,lite,0.03,27.33,20.74,33.94,,0
11/2/18,KY,3,,Gregory,Boles,LIB,0.00,lite,0.00,2.92,0.97,5.34,,0
11/2/18,KY,4,,Thomas,Massie,R,1.00,lite,99.39,62.87,56.03,69.71,,1
11/2/18,KY,4,,Seth,Hall,D,0.00,lite,0.61,34.11,27.26,40.9,,0
11/2/18,KY,4,,Mike,Moffett,IND,0.00,lite,0.00,3.02,1.02,5.53,,0
11/2/18,KY,5,,Harold,Rogers,R,1.00,lite,99.99,76.97,69.5,84.44,,1
11/2/18,KY,5,,Kenneth,S.Stepp,D,0.00,lite,0.01,23.03,15.56,30.5,,0
11/2/18,KY,6,,Amy,McGrath,D,0.00,lite,58.38,49.27,44.58,53.92,,0
11/2/18,KY,6,,Andy,Barr,R,1.00,lite,41.62,47.83,43.14,52.49,,1
11/2/18,KY,6,,Others,,,0.00,lite,0.00,2.9,0.95,5.28,,0
11/2/18,LA,1,,Steve,Scalise,R,1.00,lite,99.98,69.91,61,79.41,,1
11/2/18,LA,1,,Tammy,M.Savoie,D,0.00,lite,0.01,12.41,6.64,18.21,,0
11/2/18,LA,1,,Jim,Francis,D,0.00,lite,0.00,7.9,3.59,12.54,,0
11/2/18,LA,1,,Lee,AnnDugas,D,0.00,lite,0.00,6.66,2.84,10.82,,0
11/2/18,LA,1,,Others,,,0.00,lite,0.00,3.11,1.05,5.64,,0
11/2/18,LA,2,,Cedric,Richmond,D,1.00,lite,100.00,85.16,78.7,91.13,,1
11/2/18,LA,2,,Others,,,0.00,lite,0.00,14.84,8.87,21.3,,0
11/2/18,LA,3,,Clay,Higgins,R,1.00,lite,99.47,55.45,47.94,63.59,,1
11/2/18,LA,3,,Josh,Guillory,R,0.00,lite,0.34,12.13,7.28,17.05,,0
11/2/18,LA,3,,Mimi,Methvin,D,0.00,lite,0.14,13.46,7.71,19.3,,0
11/2/18,LA,3,,Rob,Anderson,D,0.00,lite,0.02,8.39,4.08,13.06,,0
11/2/18,LA,3,,Aaron,Andrus,LIB,0.00,lite,0.02,4.11,1.57,7.19,,0
11/2/18,LA,3,,Larry,Rader,D,0.00,lite,0.00,4.2,1.54,7.33,,0
11/2/18,LA,3,,Verone,Thomas,D,0.00,lite,0.00,2.27,0.65,4.3,,0
11/2/18,LA,4,,Mike,Johnson,R,1.00,lite,98.09,60.1,52.86,67.33,,1
11/2/18,LA,4,,Ryan,Trundle,D,0.00,lite,1.90,37.14,29.91,44.37,,0
11/2/18,LA,4,,Mark,Halverson,I,0.00,lite,0.00,2.76,0.9,5.09,,0
11/2/18,LA,5,,Ralph,Abraham,R,1.00,lite,99.34,62.33,55.19,69.37,,1
11/2/18,LA,5,,Jessee,CarltonFleenor,D,0.00,lite,0.66,34.52,27.42,41.64,,0
11/2/18,LA,5,,Others,,,0.00,lite,0.00,3.15,1.07,5.72,,0
11/2/18,LA,6,,Garret,Graves,R,1.00,lite,99.91,65.92,56.92,75.64,,1
11/2/18,LA,6,,Justin,DeWitt,D,0.00,lite,0.07,18.89,12.01,25.58,,0
11/2/18,LA,6,,Andie,Saizan,D,0.00,lite,0.02,12.68,7.02,18.34,,0
11/2/18,LA,6,,Devin,LanceGraham,I,0.00,lite,0.00,2.51,0.79,4.68,,0
11/2/18,MA,1,,Richard,E.Neal,D,1.00,lite,100.00,100,100,100,,1
11/2/18,MA,2,,James,McGovern,D,1.00,lite,99.98,74.35,67.43,81.22,,1
11/2/18,MA,2,,Tracy,Lovvorn,R,0.00,lite,0.02,25.65,18.78,32.57,,0
11/2/18,MA,3,,Lori,Trahan,D,0.00,lite,99.76,66.11,58.75,73.46,,0
11/2/18,MA,3,,Rick,Green,R,0.00,lite,0.23,30.04,22.68,37.42,,0
11/2/18,MA,3,,Michael,P.Mullen,IND,0.00,lite,0.00,3.84,1.43,6.73,,0
11/2/18,MA,4,,Joseph,P.KennedyIII,D,1.00,lite,100.00,100,100,100,,1
11/2/18,MA,5,,Katherine,Clark,D,1.00,lite,100.00,82.42,75.95,88.96,,1
11/2/18,MA,5,,John,Hugo,R,0.00,lite,0.00,17.58,11.04,24.05,,0
11/2/18,MA,6,,Seth,Moulton,D,1.00,lite,99.94,70.86,63.47,78.39,,1
11/2/18,MA,6,,Joseph,S.Schneider,R,0.00,lite,0.06,25.89,18.36,33.25,,0
11/2/18,MA,6,,Mary,JeanCharbonneau,IND,0.00,lite,0.00,3.25,1.12,5.87,,0
11/2/18,MA,7,,Ayanna,Pressley,D,0.00,lite,100.00,100,100,100,,0
11/2/18,MA,8,,Stephen,F.Lynch,D,1.00,lite,100.00,100,100,100,,1
11/2/18,MA,9,,William,Keating,D,1.00,lite,99.90,70.8,63.7,77.97,,1
11/2/18,MA,9,,Peter,D.Tedeschi,R,0.00,lite,0.10,29.2,22.03,36.3,,0
11/2/18,MD,1,,Andy,Harris,R,1.00,lite,99.27,63.19,55.78,70.49,,1
11/2/18,MD,1,,Jesse,Colvin,D,0.00,lite,0.73,33.57,26.26,40.93,,0
11/2/18,MD,1,,Jenica,Martin,LIB,0.00,lite,0.00,3.24,1.13,5.86,,0
11/2/18,MD,2,,C.,A.DutchRuppersberger,D,1.00,lite,99.97,70.99,64.14,77.85,,1
11/2/18,MD,2,,Liz,Matory,R,0.00,lite,0.03,25.46,18.62,32.32,,0
11/2/18,MD,2,,Others,,,0.00,lite,0.00,3.54,1.28,6.28,,0
11/2/18,MD,3,,John,P.Sarbanes,D,1.00,lite,99.99,72.88,66.04,79.76,,1
11/2/18,MD,3,,Charles,Anthony,R,0.00,lite,0.01,23.94,17.06,30.78,,0
11/2/18,MD,3,,David,Lashar,LIB,0.00,lite,0.00,3.18,1.1,5.77,,0
11/2/18,MD,4,,Anthony,Brown,D,1.00,lite,100.00,83.6,77.67,89.54,,1
11/2/18,MD,4,,David,Bishop,LIB,0.00,lite,0.00,3.48,1.24,6.22,,0
11/2/18,MD,4,,George,McDermott,R,0.00,lite,0.00,12.93,6.93,18.84,,0
11/2/18,MD,5,,Steny,H.Hoyer,D,1.00,lite,100.00,74.45,67.95,80.93,,1
11/2/18,MD,5,,William,A.DevineIII,R,0.00,lite,0.00,21.94,15.47,28.41,,0
11/2/18,MD,5,,Others,,,0.00,lite,0.00,3.62,1.31,6.43,,0
11/2/18,MD,6,,David,Trone,D,0.00,lite,98.12,59.44,52.58,66.41,,0
11/2/18,MD,6,,Amie,Hoeber,R,0.00,lite,1.88,36.57,29.59,43.46,,0
11/2/18,MD,6,,Others,,,0.00,lite,0.00,3.98,1.5,6.95,,0
11/2/18,MD,7,,Elijah,Cummings,D,1.00,lite,100.00,82.88,76.85,88.83,,1
11/2/18,MD,7,,David,Griggs,LIB,0.00,lite,0.00,3.45,1.22,6.2,,0
11/2/18,MD,7,,Richmond,Davis,R,0.00,lite,0.00,13.67,7.67,19.67,,0
11/2/18,MD,8,,Jamie,Raskin,D,1.00,lite,99.99,74.5,67.69,81.21,,1
11/2/18,MD,8,,John,Walsh,R,0.00,lite,0.01,22.29,15.55,29.06,,0
11/2/18,MD,8,,Jasen,Wunder,LIB,0.00,lite,0.00,3.22,1.12,5.83,,0
11/2/18,ME,1,,Chellie,Pingree,D,1.00,lite,99.77,60.91,55.56,66.19,,1
11/2/18,ME,1,,Mark,Holbrook,R,0.00,lite,0.23,35.77,30.43,41.11,,0
11/2/18,ME,1,,Marty,Grohman,IND,0.00,lite,0.00,3.32,1.15,5.95,,0
11/2/18,ME,2,,Jared,Golden,D,0.00,lite,55.05,48.71,43.42,54.02,,0
11/2/18,ME,2,,Bruce,Poliquin,R,1.00,lite,44.95,47.73,42.43,52.97,,1
11/2/18,ME,2,,Others,,,0.00,lite,0.00,3.56,1.29,6.33,,0
11/2/18,MI,1,,Jack,Bergman,R,1.00,lite,91.26,55.85,50.34,61.27,,1
11/2/18,MI,1,,Matt,Morgan,D,0.00,lite,8.74,44.15,38.73,49.66,,0
11/2/18,MI,2,,Bill,Huizenga,R,1.00,lite,86.52,53.28,47.86,58.67,,1
11/2/18,MI,2,,Rob,Davidson,D,0.00,lite,13.48,44.19,38.76,49.59,,0
11/2/18,MI,2,,Ronald,E.Graeser,US Taxpayers,0.00,lite,0.00,2.53,0.79,4.71,,0
11/2/18,MI,3,,Justin,Amash,R,1.00,lite,79.89,52.97,46,59.94,,1
11/2/18,MI,3,,Cathy,Albro,D,0.00,lite,20.11,44.14,37.13,51.15,,0
11/2/18,MI,3,,Ted,Gerrard,US Taxpayers,0.00,lite,0.00,2.89,0.95,5.31,,0
11/2/18,MI,4,,John,Moolenaar,R,1.00,lite,95.65,59.97,52.61,67.26,,1
11/2/18,MI,4,,Jerry,Hilliard,D,0.00,lite,4.35,40.03,32.74,47.39,,0
11/2/18,MI,5,,Daniel,Kildee,D,1.00,lite,99.75,66.25,58.86,73.59,,1
11/2/18,MI,5,,Travis,Wines,R,0.00,lite,0.25,30.88,23.55,38.2,,0
11/2/18,MI,5,,Kathy,Goodwin,Working Class,0.00,lite,0.00,2.87,0.95,5.24,,0
11/2/18,MI,6,,Fred,Upton,R,1.00,lite,72.12,50.88,45.91,55.8,,1
11/2/18,MI,6,,Matt,Longjohn,D,0.00,lite,27.88,46.53,41.58,51.48,,0
11/2/18,MI,6,,Stephen,J.Young,US Taxpayers,0.00,lite,0.00,2.6,0.82,4.82,,0
11/2/18,MI,7,,Tim,Walberg,R,1.00,lite,77.31,53.54,47.41,59.64,,1
11/2/18,MI,7,,Gretchen,Driskell,D,0.00,lite,22.69,46.46,40.36,52.59,,0
11/2/18,MI,8,,Mike,Bishop,R,1.00,lite,59.12,49.33,44.47,54.13,,1
11/2/18,MI,8,,Elissa,Slotkin,D,0.00,lite,40.88,47.68,42.83,52.51,,0
11/2/18,MI,8,,Others,,,0.00,lite,0.00,3,1,5.44,,0
11/2/18,MI,9,,Andy,Levin,D,0.00,lite,97.06,58.72,51.59,65.78,,0
11/2/18,MI,9,,Candius,Stearns,R,0.00,lite,2.94,37.52,30.41,44.59,,0
11/2/18,MI,9,,Others,,,0.00,lite,0.00,3.76,1.37,6.64,,0
11/2/18,MI,10,,Paul,Mitchell,R,1.00,lite,98.67,61.32,54.12,68.58,,1
11/2/18,MI,10,,Kimberly,Bizon,D,0.00,lite,1.33,35.27,28.01,42.52,,0
11/2/18,MI,10,,Others,,,0.00,lite,0.00,3.41,1.21,6.1,,0
11/2/18,MI,11,,Haley,Stevens,D,0.00,lite,74.93,50.2,45.65,54.72,,0
11/2/18,MI,11,,Lena,Epstein,R,0.00,lite,25.07,45.83,41.28,50.36,,0
11/2/18,MI,11,,Others,,,0.00,lite,0.00,3.97,1.48,6.99,,0
11/2/18,MI,12,,Debbie,Dingell,D,1.00,lite,100.00,73.82,67.14,80.5,,1
11/2/18,MI,12,,Jeff,Jones,R,0.00,lite,0.00,22.76,16.08,29.38,,0
11/2/18,MI,12,,Others,,,0.00,lite,0.00,3.41,1.2,6.13,,0
11/2/18,MI,13,,Rashida,Tlaib,D,0.00,lite,100.00,85.7,79.26,91.63,,0
11/2/18,MI,13,,Others,,,0.00,lite,0.00,14.3,8.37,20.74,,0
11/2/18,MI,14,,Brenda,Lawrence,D,1.00,lite,100.00,85.89,80.18,91.58,,1
11/2/18,MI,14,,Philip,Kolody,Working Class,0.00,lite,0.00,3.36,1.19,6.01,,0
11/2/18,MI,14,,Marc,S.Herschfus,R,0.00,lite,0.00,10.75,5.04,16.43,,0
11/2/18,MN,1,,Jim,Hagedorn,R,0.00,lite,52.93,50.28,45.62,54.94,,0
11/2/18,MN,1,,Dan,Feehan,D,0.00,lite,47.07,49.72,45.06,54.38,,0
11/2/18,MN,2,,Angie,Craig,D,0.00,lite,80.35,52.96,48.46,57.54,,0
11/2/18,MN,2,,Jason,Lewis,R,1.00,lite,19.65,47.04,42.46,51.54,,1
11/2/18,MN,3,,Dean,Phillips,D,0.00,lite,83.80,53.43,48.96,57.94,,0
11/2/18,MN,3,,Erik,Paulsen,R,1.00,lite,16.20,46.57,42.06,51.04,,1
11/2/18,MN,4,,Betty,McCollum,D,1.00,lite,99.99,74.44,67.66,81.22,,1
11/2/18,MN,4,,Greg,Ryan,R,0.00,lite,0.01,21.87,15.1,28.65,,0
11/2/18,MN,4,,Susan,PendergastSindt,Legal Marijuana Now,0.00,lite,0.00,3.69,1.34,6.56,,0
11/2/18,MN,5,,Ilhan,Omar,D,0.00,lite,99.99,79.86,73.38,86.34,,0
11/2/18,MN,5,,Jennifer,Zielinski,R,0.00,lite,0.01,20.14,13.66,26.62,,0
11/2/18,MN,6,,Tom,Emmer,R,1.00,lite,97.74,61.21,54.37,68.01,,1
11/2/18,MN,6,,Ian,Todd,D,0.00,lite,2.26,38.79,31.99,45.63,,0
11/2/18,MN,7,,Collin,C.Peterson,D,1.00,lite,71.53,52.84,46.36,59.49,,1
11/2/18,MN,7,,Dave,Hughes,R,0.00,lite,28.47,47.16,40.51,53.64,,0
11/2/18,MN,8,,Pete,Stauber,R,0.00,lite,91.44,53.74,48,59.44,,0
11/2/18,MN,8,,Joe,Radinovich,D,0.00,lite,8.56,42.03,36.27,47.72,,0
11/2/18,MN,8,,Ray,SkipSandman,Independence Party,0.00,lite,0.00,4.23,1.64,7.37,,0
11/2/18,MO,1,,William,LacyClayJr.,D,1.00,lite,100.00,84.32,78.37,90.25,,1
11/2/18,MO,1,,Robb,Cunningham,LIB,0.00,lite,0.00,3.49,1.24,6.22,,0
11/2/18,MO,1,,Robert,Vroman,R,0.00,lite,0.00,12.19,6.25,18.12,,0
11/2/18,MO,2,,Ann,Wagner,R,1.00,lite,76.61,51.25,46,56.45,,1
11/2/18,MO,2,,Cort,VanOstran,D,0.00,lite,23.39,45.53,40.31,50.79,,0
11/2/18,MO,2,,Others,,,0.00,lite,0.00,3.22,1.1,5.82,,0
11/2/18,MO,3,,Blaine,Luetkemeyer,R,1.00,lite,99.88,67.28,60.35,74.22,,1
11/2/18,MO,3,,Katy,Geppert,D,0.00,lite,0.12,29.42,22.42,36.3,,0
11/2/18,MO,3,,Donald,Stolle,LIB,0.00,lite,0.00,3.31,1.15,5.98,,0
11/2/18,MO,4,,Vicky,Hartzler,R,1.00,lite,99.90,66.37,59.68,73.04,,1
11/2/18,MO,4,,Renee,Hoagenson,D,0.00,lite,0.10,30.35,23.66,37.01,,0
11/2/18,MO,4,,Mark,Bliss,LIB,0.00,lite,0.00,3.28,1.14,5.91,,0
11/2/18,MO,5,,Emanuel,Cleaver,D,1.00,lite,99.84,66.5,59.63,73.42,,1
11/2/18,MO,5,,Jacob,Turk,R,0.00,lite,0.16,29.72,22.75,36.57,,0
11/2/18,MO,5,,Others,,,0.00,lite,0.00,3.78,1.39,6.67,,0
11/2/18,MO,6,,Sam,Graves,R,1.00,lite,99.60,64.2,57.15,71.2,,1
11/2/18,MO,6,,Henry,RobertMartin,D,0.00,lite,0.40,32.56,25.59,39.61,,0
11/2/18,MO,6,,Dan,Hogan,LIB,0.00,lite,0.00,3.24,1.12,5.86,,0
11/2/18,MO,7,,Billy,Long,R,1.00,lite,99.98,71.6,64.85,78.3,,1
11/2/18,MO,7,,Jamie,DanielSchoolcraft,D,0.00,lite,0.02,25.01,18.3,31.75,,0
11/2/18,MO,7,,Benjamin,Brixey,LIB,0.00,lite,0.00,3.39,1.21,6.05,,0
11/2/18,MO,8,,Jason,Smith,R,1.00,lite,99.99,73.75,66.36,81.04,,1
11/2/18,MO,8,,Kathy,Ellis,D,0.00,lite,0.01,22.81,15.5,30.22,,0
11/2/18,MO,8,,Jonathan,Shell,LIB,0.00,lite,0.00,3.44,1.22,6.14,,0
11/2/18,MS,1,,Trent,Kelly,R,1.00,lite,98.95,59.88,53.76,65.96,,1
11/2/18,MS,1,,Randy,Wadkins,D,0.00,lite,1.05,37.38,31.33,43.56,,0
11/2/18,MS,1,,Tracella,LouO'HaraHill,REF,0.00,lite,0.00,2.74,0.88,5.03,,0
11/2/18,MS,2,,Bennie,G.Thompson,D,1.00,lite,99.67,62.99,57.15,68.81,,1
11/2/18,MS,2,,Irving,Harris,REF,0.00,lite,0.33,34.46,28.64,40.28,,0
11/2/18,MS,2,,Others,,,0.00,lite,0.00,2.54,0.69,4.92,,0
11/2/18,MS,3,,Michael,Guest,R,0.00,lite,95.81,56.77,50.51,63.1,,0
11/2/18,MS,3,,Michael,TedEvans,D,0.00,lite,4.19,39.9,33.54,46.13,,0
11/2/18,MS,3,,Matthew,Holland,REF,0.00,lite,0.00,3.33,1.17,5.97,,0
11/2/18,MS,4,,Steven,Palazzo,R,1.00,lite,98.05,58.82,52.69,65,,1
11/2/18,MS,4,,Jeramey,Anderson,D,0.00,lite,1.95,38.68,32.52,44.79,,0
11/2/18,MS,4,,Lajena,Sheets,REF,0.00,lite,0.00,2.5,0.78,4.64,,0
11/2/18,MT,1,,Greg,Gianforte,R,1.00,lite,58.56,49.17,44.12,54.14,,1
11/2/18,MT,1,,Kathleen,Williams,D,0.00,lite,41.44,47.53,42.52,52.5,,0
11/2/18,MT,1,,Elinor,Swanson,LIB,0.00,lite,0.00,3.31,1.15,5.95,,0
11/2/18,NC,1,,G.K.,Butterfield,D,1.00,lite,100.00,78.09,71.62,84.67,,1
11/2/18,NC,1,,Roger,Allison,R,0.00,lite,0.00,21.91,15.33,28.38,,0
11/2/18,NC,2,,George,Holding,R,1.00,lite,88.14,53.05,48.22,57.86,,1
11/2/18,NC,2,,Linda,Coleman,D,0.00,lite,11.85,44.42,39.58,49.23,,0
11/2/18,NC,2,,Jeff,Matemu,LIB,0.00,lite,0.00,2.54,0.8,4.7,,0
11/2/18,NC,3,,Walter,B.Jones,R,1.00,lite,100.00,100,100,100,,1
11/2/18,NC,4,,David,Price,D,1.00,lite,100.00,76.96,70.45,83.45,,1
11/2/18,NC,4,,Barbara,Howe,LIB,0.00,lite,0.00,2.87,0.95,5.27,,0
11/2/18,NC,4,,Steve,VonLoor,R,0.00,lite,0.00,20.17,13.65,26.66,,0
11/2/18,NC,5,,Virginia,Foxx,R,1.00,lite,95.71,59.59,52.55,66.57,,1
11/2/18,NC,5,,DD,Adams,D,0.00,lite,4.29,40.41,33.43,47.45,,0
11/2/18,NC,6,,Mark,Walker,R,1.00,lite,93.45,58.43,51.34,65.57,,1
11/2/18,NC,6,,Ryan,Watts,D,0.00,lite,6.55,41.57,34.43,48.66,,0
11/2/18,NC,7,,David,Rouzer,R,1.00,lite,75.93,51.75,45.73,57.72,,1
11/2/18,NC,7,,Kyle,Horton,D,0.00,lite,24.06,45.38,39.35,51.39,,0
11/2/18,NC,7,,David,Fallin,CON,0.00,lite,0.00,2.87,0.96,5.23,,0
11/2/18,NC,8,,Richard,Hudson,R,1.00,lite,93.61,58.23,51.39,65.08,,1
11/2/18,NC,8,,Frank,McNeill,D,0.00,lite,6.39,41.77,34.92,48.61,,0
11/2/18,NC,9,,Mark,Harris,R,0.00,lite,52.59,48.73,44.25,53.24,,0
11/2/18,NC,9,,Dan,McCready,D,0.00,lite,47.40,48.28,43.74,52.74,,0
11/2/18,NC,9,,Jeff,Scott,LIB,0.00,lite,0.00,2.98,1,5.44,,0
11/2/18,NC,10,,Patrick,T.McHenry,R,1.00,lite,98.61,62.51,55.68,69.35,,1
11/2/18,NC,10,,David,Brown,D,0.00,lite,1.39,37.49,30.65,44.32,,0
11/2/18,NC,11,,Mark,Meadows,R,1.00,lite,99.15,62.82,55.65,69.92,,1
11/2/18,NC,11,,Phillip,G.Price,D,0.00,lite,0.85,34.36,27.22,41.51,,0
11/2/18,NC,11,,Clifton,IngramJr.,LIB,0.00,lite,0.00,2.81,0.92,5.17,,0
11/2/18,NC,12,,Alma,Adams,D,1.00,lite,100.00,78.45,72.24,84.81,,1
11/2/18,NC,12,,Paul,Wright,R,0.00,lite,0.00,21.55,15.19,27.76,,0
11/2/18,NC,13,,Ted,Budd,R,1.00,lite,72.92,50.56,46,55.07,,1
11/2/18,NC,13,,Kathy,Manning,D,0.00,lite,27.08,46.46,41.92,51.03,,0
11/2/18,NC,13,,Others,,,0.00,lite,0.00,2.97,0.98,5.43,,0
11/2/18,ND,1,,Kelly,Armstrong,R,0.00,lite,99.53,57.67,52.75,62.51,,0
11/2/18,ND,1,,Mac,Schneider,D,0.00,lite,0.47,37.84,32.93,42.7,,0
11/2/18,ND,1,,Charles,Tuttle,IND,0.00,lite,0.00,4.49,1.75,7.73,,0
11/2/18,NE,1,,Jeff,Fortenberry,R,1.00,lite,96.60,57.5,52.39,62.52,,1
11/2/18,NE,1,,Jessica,McClure,D,0.00,lite,3.40,42.5,37.48,47.61,,0
11/2/18,NE,2,,Don,Bacon,R,1.00,lite,81.96,53.54,48.51,58.61,,1
11/2/18,NE,2,,Kara,Eastman,D,0.00,lite,18.04,46.46,41.39,51.49,,0
11/2/18,NE,3,,Adrian,Smith,R,1.00,lite,99.99,75.15,68.28,81.97,,1
11/2/18,NE,3,,Paul,Theobald,D,0.00,lite,0.01,24.85,18.03,31.72,,0
11/2/18,NH,1,,Chris,Pappas,D,0.00,lite,77.14,50.59,45.74,55.4,,0
11/2/18,NH,1,,Eddie,Edwards,R,0.00,lite,22.86,45.35,40.5,50.11,,0
11/2/18,NH,1,,Others,,,0.00,lite,0.00,4.06,1.53,7.09,,0
11/2/18,NH,2,,Ann,Kuster,D,1.00,lite,98.55,56.36,51.5,61.17,,1
11/2/18,NH,2,,Steven,Negron,R,0.00,lite,1.45,40.1,35.23,44.9,,0
11/2/18,NH,2,,Others,,,0.00,lite,0.00,3.54,1.27,6.29,,0
11/2/18,NJ,1,,Donald,Norcross,D,1.00,lite,99.98,72.73,66.02,79.53,,1
11/2/18,NJ,1,,Paul,E.Dilks,R,0.00,lite,0.02,23.81,17,30.53,,0
11/2/18,NJ,1,,Others,,,0.00,lite,0.00,3.46,1.23,6.19,,0
11/2/18,NJ,2,,Jeff,VanDrew,D,0.00,lite,96.57,55.81,50.37,61.15,,0
11/2/18,NJ,2,,Seth,Grossman,R,0.00,lite,3.43,40.48,35.07,45.91,,0
11/2/18,NJ,2,,Others,,,0.00,lite,0.00,3.71,1.36,6.57,,0
11/2/18,NJ,3,,Andy,Kim,D,0.00,lite,54.97,49.17,44.79,53.55,,0
11/2/18,NJ,3,,Tom,MacArthur,R,1.00,lite,45.03,48.41,44.02,52.79,,1
11/2/18,NJ,3,,Lawrence,BerlinskiJr.,CON,0.00,lite,0.00,2.41,0.73,4.51,,0
11/2/18,NJ,4,,Chris,Smith,R,1.00,lite,90.22,55.11,47.91,62.23,,1
11/2/18,NJ,4,,Joshua,Welle,D,0.00,lite,9.78,40.9,33.72,48.06,,0
11/2/18,NJ,4,,Others,,,0.00,lite,0.00,3.99,1.51,6.96,,0
11/2/18,NJ,5,,Josh,Gottheimer,D,1.00,lite,92.44,54.79,48.96,60.67,,1
11/2/18,NJ,5,,John,J.McCannJr.,R,0.00,lite,7.56,42,36.09,47.82,,0
11/2/18,NJ,5,,Others,,,0.00,lite,0.00,3.2,1.1,5.77,,0
11/2/18,NJ,6,,Frank,PalloneJr.,D,1.00,lite,99.94,70.3,63.45,77.17,,1
11/2/18,NJ,6,,Richard,J.Pezzullo,R,0.00,lite,0.06,29.7,22.83,36.55,,0
11/2/18,NJ,7,,Tom,Malinowski,D,0.00,lite,75.57,51.26,45.98,56.54,,0
11/2/18,NJ,7,,Leonard,Lance,R,1.00,lite,24.43,45.9,40.62,51.14,,1
11/2/18,NJ,7,,Others,,,0.00,lite,0.00,2.84,0.93,5.21,,0
11/2/18,NJ,8,,Albio,Sires,D,1.00,lite,100.00,83.05,76.71,89.38,,1
11/2/18,NJ,8,,John,R.Muniz,R,0.00,lite,0.00,13.54,7.14,19.86,,0
11/2/18,NJ,8,,Others,,,0.00,lite,0.00,3.41,1.2,6.1,,0
11/2/18,NJ,9,,Bill,PascrellJr.,D,1.00,lite,99.99,74.98,68.12,81.89,,1
11/2/18,NJ,9,,Eric,P.Fisher,R,0.00,lite,0.01,22.18,15.27,29,,0
11/2/18,NJ,9,,Claudio,Belusic,LIB,0.00,lite,0.00,2.84,0.93,5.19,,0
11/2/18,NJ,10,,Donald,PayneJr.,D,1.00,lite,100.00,89.35,84.36,94.37,,1
11/2/18,NJ,10,,Agha,Khan,R,0.00,lite,0.00,6.67,1.62,11.63,,0
11/2/18,NJ,10,,Others,,,0.00,lite,0.00,3.98,1.49,6.97,,0
11/2/18,NJ,11,,Mikie,Sherrill,D,0.00,lite,83.05,52.31,46.81,57.81,,0
11/2/18,NJ,11,,Jay,Webber,R,0.00,lite,16.95,44.46,38.95,49.9,,0
11/2/18,NJ,11,,Others,,,0.00,lite,0.00,3.23,1.1,5.84,,0
11/2/18,NJ,12,,Bonnie,WatsonColeman,D,1.00,lite,100.00,77.2,70.8,83.7,,1
11/2/18,NJ,12,,Daryl,Kipnis,R,0.00,lite,0.00,22.8,16.3,29.2,,0
11/2/18,NM,1,,Debra,A.Haaland,D,0.00,lite,91.11,52.59,47.69,57.46,,0
11/2/18,NM,1,,Janice,E.Arnold-Jones,R,0.00,lite,8.89,42.89,37.99,47.78,,0
11/2/18,NM,1,,Lloyd,Princeton,LIB,0.00,lite,0.00,4.52,1.79,7.75,,0
11/2/18,NM,2,,Yvette,Herrell,R,0.00,lite,56.31,50.58,45.98,55.2,,0
11/2/18,NM,2,,Xochitl,TorresSmall,D,0.00,lite,43.69,49.42,44.8,54.02,,0
11/2/18,NM,3,,Ben,R.Lujan,D,1.00,lite,99.77,58.95,54.11,63.73,,1
11/2/18,NM,3,,Jerald,SteveMcFall,R,0.00,lite,0.23,36.9,32.07,41.69,,0
11/2/18,NM,3,,Christopher,Manning,LIB,0.00,lite,0.00,4.15,1.59,7.24,,0
11/2/18,NV,1,,Dina,Titus,D,1.00,lite,99.47,62.18,55.3,69.02,,1
11/2/18,NV,1,,Joyce,Bentley,R,0.00,lite,0.53,32.89,26.05,39.74,,0
11/2/18,NV,1,,Others,,,0.00,lite,0.00,4.93,2.03,8.42,,0
11/2/18,NV,2,,Mark,Amodei,R,1.00,lite,81.19,54.28,48.07,60.48,,1
11/2/18,NV,2,,Clint,Koble,D,0.00,lite,18.81,45.72,39.52,51.93,,0
11/2/18,NV,3,,Susie,Lee,D,0.00,lite,60.06,48.21,42.23,54.11,,0
11/2/18,NV,3,,Danny,Tarkanian,R,0.00,lite,39.94,46.1,40.19,51.99,,0
11/2/18,NV,3,,Others,,,0.00,lite,0.00,5.69,2.47,9.42,,0
11/2/18,NV,4,,Steven,A.Horsford,D,0.00,lite,66.06,48.79,42.83,54.71,,0
11/2/18,NV,4,,Cresent,Hardy,R,0.00,lite,33.94,45.32,39.28,51.28,,0
11/2/18,NV,4,,Others,,,0.00,lite,0.00,5.89,2.61,9.74,,0
11/2/18,NY,1,,Lee,Zeldin,R,1.00,lite,93.29,54.4,49.3,59.54,,1
11/2/18,NY,1,,Perry,Gershon,D,0.00,lite,6.71,42.76,37.63,47.85,,0
11/2/18,NY,1,,Others,,,0.00,lite,0.00,2.83,0.93,5.19,,0
11/2/18,NY,2,,Pete,King,R,1.00,lite,75.64,53.83,46.6,61.03,,1
11/2/18,NY,2,,Liuba,GrechenShirley,D,0.00,lite,24.36,46.17,38.97,53.4,,0
11/2/18,NY,3,,Thomas,Suozzi,D,1.00,lite,99.09,64.44,57.23,71.73,,1
11/2/18,NY,3,,Dan,DeBono,R,0.00,lite,0.91,35.56,28.27,42.77,,0
11/2/18,NY,4,,Kathleen,Rice,D,1.00,lite,99.59,66.66,59.48,73.9,,1
11/2/18,NY,4,,Ameer,Benno,R,0.00,lite,0.41,33.34,26.1,40.52,,0
11/2/18,NY,5,,Gregory,W.Meeks,D,1.00,lite,100.00,100,100,100,,1
11/2/18,NY,6,,Grace,Meng,D,1.00,lite,99.99,84.45,77.91,90.54,,1
11/2/18,NY,6,,Tom,Hillgardner,GRE,0.00,lite,0.01,15.55,9.46,22.09,,0
11/2/18,NY,7,,Nydia,M.Vel√°zquez,D,1.00,lite,100.00,89.81,84.2,94.79,,1
11/2/18,NY,7,,Others,,,0.00,lite,0.00,10.19,5.21,15.8,,0
11/2/18,NY,8,,Hakeem,Jeffries,D,1.00,lite,100.00,89.35,83.62,94.47,,1
11/2/18,NY,8,,Others,,,0.00,lite,0.00,10.65,5.53,16.38,,0
11/2/18,NY,9,,Yvette,D.Clarke,D,1.00,lite,100.00,88.43,83.19,93.64,,1
11/2/18,NY,9,,Joel,Anabilah-Azumah,Reform Party,0.00,lite,0.00,3.29,1.14,5.89,,0
11/2/18,NY,9,,Lutchi,Gayot,R,0.00,lite,0.00,8.28,3.03,13.49,,0
11/2/18,NY,10,,Jerrold,Nadler,D,1.00,lite,100.00,85.81,79.56,92.07,,1
11/2/18,NY,10,,Naomi,Levin,R,0.00,lite,0.00,14.19,7.93,20.44,,0
11/2/18,NY,11,,Daniel,Donovan,R,1.00,lite,75.41,51.31,46.03,56.55,,1
11/2/18,NY,11,,Max,N.Rose,D,0.00,lite,24.59,45.9,40.64,51.14,,0
11/2/18,NY,11,,Henry,Bardel,G,0.00,lite,0.00,2.79,0.91,5.15,,0
11/2/18,NY,12,,Carolyn,Maloney,D,1.00,lite,100.00,87.37,81.12,93.59,,1
11/2/18,NY,12,,Scott,Hutchins,GRE,0.00,lite,0.00,3.24,1.13,5.83,,0
11/2/18,NY,12,,Eliot,Rabin,R,0.00,lite,0.00,9.39,3.15,15.62,,0
11/2/18,NY,13,,Adriano,Espaillat,D,1.00,lite,100.00,95.46,92.17,98.74,,1
11/2/18,NY,13,,Jineea,Butler,R,0.00,lite,0.00,4.54,1.26,7.83,,0
11/2/18,NY,14,,Alexandria,Ocasio-Cortez,D,0.00,lite,100.00,79.25,72.67,85.93,,0
11/2/18,NY,14,,Joseph,Crowley,WOF,1.00,lite,0.00,3.72,1.36,6.57,,1
11/2/18,NY,14,,Anthony,Pappas,R,0.00,lite,0.00,17.03,10.34,23.63,,0
11/2/18,NY,15,,Jos√©,E.Serrano,D,1.00,lite,100.00,96.16,93.05,99.33,,1
11/2/18,NY,15,,Jason,Gonzalez,R,0.00,lite,0.00,3.84,0.67,6.95,,0
11/2/18,NY,16,,Eliot,Engel,D,1.00,lite,100.00,100,100,100,,1
11/2/18,NY,17,,Nita,Lowey,D,1.00,lite,100.00,81.33,74.48,87.81,,1
11/2/18,NY,17,,Joseph,Ciardullo,REF,0.00,lite,0.00,18.67,12.19,25.52,,0
11/2/18,NY,18,,Sean,PatrickMaloney,D,1.00,lite,98.21,62.21,55.21,69.17,,1
11/2/18,NY,18,,James,O'Donnell,R,0.00,lite,1.79,37.79,30.83,44.79,,0
11/2/18,NY,19,,Antonio,Delgado,D,0.00,lite,56.49,49.06,44.64,53.52,,0
11/2/18,NY,19,,John,Faso,R,1.00,lite,43.51,48.05,43.52,52.44,,1
11/2/18,NY,19,,Others,,,0.00,lite,0.00,2.89,0.95,5.3,,0
11/2/18,NY,20,,Paul,D.Tonko,D,1.00,lite,99.89,69.95,63.32,76.72,,1
11/2/18,NY,20,,Francis,Vitollo,R,0.00,lite,0.11,30.05,23.28,36.68,,0
11/2/18,NY,21,,Elise,Stefanik,R,1.00,lite,71.99,51.34,45.27,57.42,,1
11/2/18,NY,21,,Tedra,L.Cobb,D,0.00,lite,28.01,46.11,40.02,52.2,,0
11/2/18,NY,21,,Lynn,Kahn,GRE,0.00,lite,0.00,2.55,0.81,4.72,,0
11/2/18,NY,22,,Claudia,Tenney,R,1.00,lite,51.46,50.19,45.27,55.13,,1
11/2/18,NY,22,,Anthony,Brindisi,D,0.00,lite,48.54,49.81,44.87,54.73,,0
11/2/18,NY,23,,Tom,Reed,R,1.00,lite,72.05,52.44,47.01,57.93,,1
11/2/18,NY,23,,Tracy,Mitrano,D,0.00,lite,27.95,47.56,42.07,52.99,,0
11/2/18,NY,24,,John,Katko,R,1.00,lite,87.31,54.77,49.37,60.12,,1
11/2/18,NY,24,,Dana,Balter,D,0.00,lite,12.69,45.23,39.88,50.63,,0
11/2/18,NY,25,,Joseph,D.Morelle,D,0.00,lite,96.14,56.31,51.82,60.78,,0
11/2/18,NY,25,,Jim,Maxwell,R,0.00,lite,3.86,43.69,39.22,48.18,,0
11/2/18,NY,26,,Brian,Higgins,D,1.00,lite,99.97,72.34,65.62,79.1,,1
11/2/18,NY,26,,Renee,Zeno,R,0.00,lite,0.03,27.66,20.9,34.38,,0
11/2/18,NY,27,,Chris,Collins,R,1.00,lite,74.39,50.85,46,55.65,,1
11/2/18,NY,27,,Nate,McMurray,D,0.00,lite,25.61,46.18,41.36,50.98,,0
11/2/18,NY,27,,Larry,Piegza,REF,0.00,lite,0.00,2.97,0.99,5.41,,0
11/2/18,OH,1,,Steve,Chabot,R,1.00,lite,85.10,52.4,47.58,57.19,,1
11/2/18,OH,1,,Aftab,Pureval,D,0.00,lite,14.89,44.9,40.08,49.73,,0
11/2/18,OH,1,,Dirk,Kubala,LIB,0.00,lite,0.00,2.7,0.87,4.96,,0
11/2/18,OH,2,,Brad,Wenstrup,R,1.00,lite,91.95,54.51,49.07,59.81,,1
11/2/18,OH,2,,Jill,Schiller,D,0.00,lite,8.05,42.79,37.46,48.28,,0
11/2/18,OH,2,,James,ConditJr.,GRE,0.00,lite,0.00,2.7,0.86,4.97,,0
11/2/18,OH,3,,Joyce,Beatty,D,1.00,lite,100.00,78.4,71.97,84.8,,1
11/2/18,OH,3,,Jim,Burgess,R,0.00,lite,0.00,21.6,15.2,28.03,,0
11/2/18,OH,4,,Jim,Jordan,R,1.00,lite,99.29,65,57.86,72.17,,1
11/2/18,OH,4,,Janet,Garrett,D,0.00,lite,0.71,35,27.83,42.14,,0
11/2/18,OH,5,,Robert,E.Latta,R,1.00,lite,97.43,59.54,52.44,66.61,,1
11/2/18,OH,5,,J.,MichaelGalbraith,D,0.00,lite,2.57,37.4,30.33,44.47,,0
11/2/18,OH,5,,Don,Kissick,LIB,0.00,lite,0.00,3.06,1.03,5.57,,0
11/2/18,OH,6,,Bill,Johnson,R,1.00,lite,99.76,67.72,60.46,74.85,,1
11/2/18,OH,6,,Shawna,Roberts,D,0.00,lite,0.24,32.28,25.15,39.54,,0
11/2/18,OH,7,,Bob,Gibbs,R,1.00,lite,89.07,55.07,49.76,60.32,,1
11/2/18,OH,7,,Ken,Harbaugh,D,0.00,lite,10.93,44.93,39.68,50.24,,0
11/2/18,OH,8,,Warren,Davidson,R,1.00,lite,99.77,67.23,60.23,74.19,,1
11/2/18,OH,8,,Vanessa,Enoch,D,0.00,lite,0.23,32.77,25.81,39.77,,0
11/2/18,OH,9,,Marcy,Kaptur,D,1.00,lite,99.98,73.97,67.41,80.52,,1
11/2/18,OH,9,,Steven,W.Kraus,R,0.00,lite,0.02,26.03,19.48,32.59,,0
11/2/18,OH,10,,Michael,Turner,R,1.00,lite,76.35,52.27,45.34,59.23,,1
11/2/18,OH,10,,Theresa,A.Gasper,D,0.00,lite,23.64,44.81,37.91,51.76,,0
11/2/18,OH,10,,David,Harlow,LIB,0.00,lite,0.00,2.93,0.97,5.34,,0
11/2/18,OH,11,,Marcia,L.Fudge,D,1.00,lite,100.00,88.17,82.68,93.6,,1
11/2/18,OH,11,,Beverly,A.Goldstein,R,0.00,lite,0.00,11.83,6.4,17.32,,0
11/2/18,OH,12,,Troy,Balderson,R,1.00,lite,69.45,50.56,45.6,55.4,,1
11/2/18,OH,12,,Danny,O'Connor,D,0.00,lite,30.55,46.81,41.94,51.74,,0
11/2/18,OH,12,,Joe,Manchik,GRE,0.00,lite,0.00,2.64,0.84,4.87,,0
11/2/18,OH,13,,Tim,Ryan,D,1.00,lite,99.85,68.41,61.72,75.24,,1
11/2/18,OH,13,,Chris,DePizzo,R,0.00,lite,0.15,31.59,24.76,38.28,,0
11/2/18,OH,14,,David,Joyce,R,1.00,lite,81.37,54.7,47.9,61.55,,1
11/2/18,OH,14,,Betsy,Rader,D,0.00,lite,18.63,45.3,38.45,52.1,,0
11/2/18,OH,15,,Steve,Stivers,R,1.00,lite,89.51,55.14,48.22,62.01,,1
11/2/18,OH,15,,Rick,Neal,D,0.00,lite,10.49,41.88,35.01,48.8,,0
11/2/18,OH,15,,Johnathan,Miller,LIB,0.00,lite,0.01,2.99,1,5.43,,0
11/2/18,OH,16,,Anthony,Gonzalez,R,0.00,lite,67.94,51.99,46.41,57.63,,0
11/2/18,OH,16,,Susan,MoranPalmer,D,0.00,lite,32.06,48.01,42.37,53.59,,0
11/2/18,OK,1,,Kevin,Hern,R,0.00,lite,96.49,58.23,52.53,63.89,,0
11/2/18,OK,1,,Tim,Gilpin,D,0.00,lite,3.51,41.77,36.11,47.47,,0
11/2/18,OK,2,,Markwayne,Mullin,R,1.00,lite,98.18,59.28,52.5,66.08,,1
11/2/18,OK,2,,Jason,Nichols,D,0.00,lite,1.82,36.78,30,43.6,,0
11/2/18,OK,2,,Others,,,0.00,lite,0.00,3.94,1.48,6.92,,0
11/2/18,OK,3,,Frank,Lucas,R,1.00,lite,99.81,65.64,59.39,71.86,,1
11/2/18,OK,3,,Frankie,Robbins,D,0.00,lite,0.19,34.36,28.14,40.61,,0
11/2/18,OK,4,,Tom,Cole,R,1.00,lite,99.53,61.83,55.63,67.97,,1
11/2/18,OK,4,,Mary,Brannon,D,0.00,lite,0.47,35.08,28.89,41.21,,0
11/2/18,OK,4,,Ruby,Peters,I,0.00,lite,0.00,3.09,1.05,5.61,,0
11/2/18,OK,5,,Steve,Russell,R,1.00,lite,92.68,55.35,50.67,60.02,,1
11/2/18,OK,5,,Kendra,Horn,D,0.00,lite,7.32,44.65,39.98,49.33,,0
11/2/18,OR,1,,Suzanne,Bonamici,D,1.00,lite,99.96,69.74,62.81,76.57,,1
11/2/18,OR,1,,John,Verbeek,R,0.00,lite,0.04,26.02,19.11,32.84,,0
11/2/18,OR,1,,Drew,Layda,LIB,0.00,lite,0.00,4.25,1.65,7.37,,0
11/2/18,OR,2,,Greg,Walden,R,1.00,lite,92.61,54.45,48.5,60.37,,1
11/2/18,OR,2,,Jamie,McLeod-Skinner,D,0.00,lite,7.39,41.46,35.49,47.33,,0
11/2/18,OR,2,,Mark,Roberts,IPO,0.00,lite,0.00,4.09,1.57,7.13,,0
11/2/18,OR,3,,Earl,Blumenauer,D,1.00,lite,100.00,83.5,76.77,89.74,,1
11/2/18,OR,3,,Others,,,0.00,lite,0.00,16.5,10.26,23.23,,0
11/2/18,OR,4,,Peter,DeFazio,D,1.00,lite,99.09,61.58,54.67,68.53,,1
11/2/18,OR,4,,Arthur,B.Robinson,R,0.00,lite,0.91,34.39,27.4,41.31,,0
11/2/18,OR,4,,Michael,Bellstein,GRE,0.00,lite,0.00,4.03,1.53,7.04,,0
11/2/18,OR,5,,Kurt,Schrader,D,1.00,lite,52.74,48.22,41.04,55.51,,1
11/2/18,OR,5,,Mark,Callahan,R,0.00,lite,47.26,47.51,40.26,54.69,,0
11/2/18,OR,5,,Others,,,0.00,lite,0.00,4.27,1.65,7.43,,0
11/2/18,PA,1,,Scott,Wallace,D,0.00,lite,52.26,50.17,45.75,54.58,,0
11/2/18,PA,1,,Brian,Fitzpatrick,R,1.00,lite,47.74,49.83,45.42,54.25,,1
11/2/18,PA,2,,Brendan,Boyle,D,1.00,lite,100.00,82.91,76.75,89.08,,1
11/2/18,PA,2,,David,Torres,R,0.00,lite,0.00,17.09,10.92,23.25,,0
11/2/18,PA,3,,Dwight,Evans,D,1.00,lite,100.00,94.49,90.97,98.03,,1
11/2/18,PA,3,,Bryan,E.Leib,R,0.00,lite,0.00,5.51,1.97,9.03,,0
11/2/18,PA,4,,Madeleine,Dean,D,0.00,lite,99.16,64,57.07,70.93,,0
11/2/18,PA,4,,Dan,David,R,0.00,lite,0.84,36,29.07,42.93,,0
11/2/18,PA,5,,Mary,GayScanlon,D,0.00,lite,99.87,68.6,61.72,75.43,,0
11/2/18,PA,5,,Pearl,Kim,R,0.00,lite,0.13,31.4,24.57,38.28,,0
11/2/18,PA,6,,Chrissy,Houlahan,D,0.00,lite,94.91,58.95,52.07,65.83,,0
11/2/18,PA,6,,Greg,McCauley,R,0.00,lite,5.09,41.05,34.17,47.93,,0
11/2/18,PA,7,,Susan,Wild,D,0.00,lite,87.27,52.23,47.88,56.52,,0
11/2/18,PA,7,,Marty,Nothstein,R,0.00,lite,12.73,44.9,40.58,49.21,,0
11/2/18,PA,7,,Tim,Silfies,L,0.00,lite,0.00,2.87,0.94,5.27,,0
11/2/18,PA,8,,Matt,Cartwright,D,1.00,lite,97.16,56.67,52.28,61.1,,1
11/2/18,PA,8,,John,Chrin,R,0.00,lite,2.84,43.33,38.9,47.72,,0
11/2/18,PA,9,,Dan,Meuser,R,0.00,lite,96.61,58.73,52.74,64.73,,0
11/2/18,PA,9,,Denny,Wolff,D,0.00,lite,3.39,41.27,35.27,47.26,,0
11/2/18,PA,10,,Scott,Perry,R,1.00,lite,67.68,51.56,47.13,55.97,,1
11/2/18,PA,10,,George,Scott,D,0.00,lite,32.32,48.44,44.03,52.87,,0
11/2/18,PA,11,,Lloyd,Smucker,R,1.00,lite,91.86,55.79,50.5,61.1,,1
11/2/18,PA,11,,Jess,King,D,0.00,lite,8.14,44.21,38.9,49.5,,0
11/2/18,PA,12,,Tom,Marino,R,1.00,lite,99.72,67.38,60.39,74.42,,1
11/2/18,PA,12,,Marc,Friedenberg,D,0.00,lite,0.28,32.62,25.58,39.61,,0
11/2/18,PA,13,,John,Joyce,R,0.00,lite,99.23,61.27,55.67,66.88,,0
11/2/18,PA,13,,Brent,Ottaway,D,0.00,lite,0.77,38.73,33.12,44.33,,0
11/2/18,PA,14,,Guy,Reschenthaler,R,0.00,lite,93.93,58.63,51.62,65.63,,0
11/2/18,PA,14,,Bibiana,Boerio,D,0.00,lite,6.07,41.37,34.37,48.38,,0
11/2/18,PA,15,,Glenn,W.Thompson,R,1.00,lite,99.90,70.05,62.8,77.38,,1
11/2/18,PA,15,,Susan,Boser,D,0.00,lite,0.10,29.95,22.62,37.2,,0
11/2/18,PA,16,,Mike,Kelly,R,1.00,lite,67.75,50.56,45.55,55.46,,1
11/2/18,PA,16,,Ron,DiNicola,D,0.00,lite,32.24,47.08,42.18,52.07,,0
11/2/18,PA,16,,Ebert,GBillBeeman,L,0.00,lite,0.00,2.36,0.71,4.4,,0
11/2/18,PA,17,,Conor,Lamb,D,1.00,lite,89.28,54.91,49.84,60.05,,1
11/2/18,PA,17,,Keith,Rothfus,R,1.00,lite,10.72,45.09,39.95,50.16,,1
11/2/18,PA,18,,Mike,Doyle,D,1.00,lite,100.00,100,100,100,,1
11/2/18,RI,1,,David,Cicilline,D,1.00,lite,100.00,78.43,71.72,85.2,,1
11/2/18,RI,1,,Patrick,Donovan,R,0.00,lite,0.00,21.57,14.8,28.28,,0
11/2/18,RI,2,,Jim,Langevin,D,1.00,lite,99.96,71.96,65.02,78.93,,1
11/2/18,RI,2,,Salvatore,Caiozzo,R,0.00,lite,0.04,28.04,21.07,34.98,,0
11/2/18,SC,1,,Katie,Arrington,R,0.00,lite,81.59,53.68,48.42,58.96,,0
11/2/18,SC,1,,Joe,Cunningham,D,0.00,lite,18.40,46.32,41.04,51.58,,0
11/2/18,SC,2,,Joe,Wilson,R,1.00,lite,97.88,60.19,52.98,67.32,,1
11/2/18,SC,2,,Sean,Carrigan,D,0.00,lite,2.12,36.99,29.89,44.14,,0
11/2/18,SC,2,,Sonny,Narang,AME,0.00,lite,0.00,2.83,0.93,5.14,,0
11/2/18,SC,3,,Jeff,Duncan,R,1.00,lite,99.94,68.93,61.91,75.85,,1
11/2/18,SC,3,,Mary,Geren,D,0.00,lite,0.06,28.09,21.13,35.12,,0
11/2/18,SC,3,,Dave,Moore,AME,0.00,lite,0.00,2.98,1,5.43,,0
11/2/18,SC,4,,William,Timmons,R,0.00,lite,97.83,59.65,52.65,66.71,,0
11/2/18,SC,4,,Brandon,Brown,D,0.00,lite,2.17,36.96,29.88,43.95,,0
11/2/18,SC,4,,Guy,Furay,AME,0.00,lite,0.00,3.38,1.21,6.07,,0
11/2/18,SC,5,,Ralph,Norman,R,1.00,lite,97.54,59.25,52.34,66.14,,1
11/2/18,SC,5,,Archie,Parnell,D,0.00,lite,2.46,37.94,31.06,44.84,,0
11/2/18,SC,5,,Michael,Chandler,CON,0.00,lite,0.00,2.81,0.9,5.15,,0
11/2/18,SC,6,,James,E.Clyburn,D,1.00,lite,99.99,76.19,69.33,83.01,,1
11/2/18,SC,6,,Gerhard,Gressmann,R,0.00,lite,0.01,20.87,14.03,27.7,,0
11/2/18,SC,6,,Bryan,Pugh,GRE,0.00,lite,0.00,2.93,0.98,5.34,,0
11/2/18,SC,7,,Tom,Rice,R,1.00,lite,97.42,60.72,53.91,67.57,,1
11/2/18,SC,7,,Robert,Williams,D,0.00,lite,2.58,39.28,32.43,46.09,,0
11/2/18,SD,1,,Dusty,Johnson,R,0.00,lite,98.49,57.11,51.5,62.68,,0
11/2/18,SD,1,,Tim,Bjorkman,D,0.00,lite,1.51,38.25,32.66,43.81,,0
11/2/18,SD,1,,Others,,,0.00,lite,0.00,4.65,1.86,7.96,,0
11/2/18,TN,1,,Phil,Roe,R,1.00,lite,100.00,76.77,69.86,83.7,,1
11/2/18,TN,1,,Marty,Olsen,D,0.00,lite,0.00,20.01,13.09,26.88,,0
11/2/18,TN,1,,Michael,Salyer,IND,0.00,lite,0.00,3.22,1.11,5.78,,0
11/2/18,TN,2,,Tim,Burchett,R,0.00,lite,99.64,63.16,56.27,70.04,,0
11/2/18,TN,2,,Renee,Hoyos,D,0.00,lite,0.36,32.06,25.14,38.95,,0
11/2/18,TN,2,,Others,,,0.00,lite,0.00,4.78,1.93,8.16,,0
11/2/18,TN,3,,Chuck,Fleischmann,R,1.00,lite,99.86,67.36,60.12,74.49,,1
11/2/18,TN,3,,Danielle,Mitchell,D,0.00,lite,0.14,29.62,22.48,36.83,,0
11/2/18,TN,3,,Rick,Tyler,IND,0.00,lite,0.00,3.02,1.01,5.49,,0
11/2/18,TN,4,,Scott,DesJarlais,R,1.00,lite,99.95,69.79,62.71,76.9,,1
11/2/18,TN,4,,Mariah,Phillips,D,0.00,lite,0.05,27.15,20.06,34.16,,0
11/2/18,TN,4,,Michael,Shupe,IND,0.00,lite,0.00,3.07,1.04,5.55,,0
11/2/18,TN,5,,Jim,Cooper,D,1.00,lite,99.89,67.97,61.45,74.5,,1
11/2/18,TN,5,,Jody,M.Ball,R,0.00,lite,0.11,32.03,25.5,38.55,,0
11/2/18,TN,6,,John,Rose,R,0.00,lite,99.94,68.58,61.43,75.65,,0
11/2/18,TN,6,,Dawn,Barlow,D,0.00,lite,0.06,27.32,20.2,34.43,,0
11/2/18,TN,6,,Others,,,0.00,lite,0.00,4.1,1.56,7.14,,0
11/2/18,TN,7,,Mark,E.Green,R,0.00,lite,99.65,64.38,57.16,71.5,,0
11/2/18,TN,7,,Justin,Kanew,D,0.00,lite,0.35,31.63,24.45,38.8,,0
11/2/18,TN,7,,Others,,,0.00,lite,0.00,3.99,1.5,6.98,,0
11/2/18,TN,8,,David,Kustoff,R,1.00,lite,99.92,68.46,61.49,75.44,,1
11/2/18,TN,8,,Erika,StottsPearson,D,0.00,lite,0.08,28.51,21.5,35.46,,0
11/2/18,TN,8,,James,Hart,IND,0.00,lite,0.00,3.04,1.02,5.51,,0
11/2/18,TN,9,,Steve,Cohen,D,1.00,lite,100.00,83.32,76.82,89.78,,1
11/2/18,TN,9,,Leo,AwGoWhat,IND,0.00,lite,0.00,3.18,1.09,5.75,,0
11/2/18,TN,9,,Charlotte,Bergmann,R,0.00,lite,0.00,13.5,7,19.94,,0
11/2/18,TX,1,,Louie,Gohmert,R,1.00,lite,99.99,74.92,67.95,81.82,,1
11/2/18,TX,1,,Shirley,McKellar,D,0.00,lite,0.01,21.9,14.97,28.85,,0
11/2/18,TX,1,,Jeff,Callaway,LIB,0.00,lite,0.00,3.18,1.1,5.75,,0
11/2/18,TX,2,,Dan,Crenshaw,R,0.00,lite,79.55,51.74,45.99,57.51,,0
11/2/18,TX,2,,Todd,Litton,D,0.00,lite,20.45,44.64,38.84,50.38,,0
11/2/18,TX,2,,Others,,,0.00,lite,0.00,3.62,1.31,6.41,,0
11/2/18,TX,3,,Van,Taylor,R,0.00,lite,94.34,57.07,49.86,64.17,,0
11/2/18,TX,3,,Lorie,Burch,D,0.00,lite,5.66,39.5,32.36,46.65,,0
11/2/18,TX,3,,Christopher,Claytor,LIB,0.00,lite,0.00,3.43,1.21,6.17,,0
11/2/18,TX,4,,John,Ratcliffe,R,1.00,lite,100.00,77.1,70.19,83.92,,1
11/2/18,TX,4,,Catherine,Krantz,D,0.00,lite,0.00,19.65,12.75,26.53,,0
11/2/18,TX,4,,Ken,Ashby,LIB,0.00,lite,0.00,3.24,1.12,5.82,,0
11/2/18,TX,5,,Lance,Gooden,R,0.00,lite,99.37,64.39,57.6,71.16,,0
11/2/18,TX,5,,Dan,Wood,D,0.00,lite,0.63,35.61,28.84,42.4,,0
11/2/18,TX,6,,Ron,Wright,R,0.00,lite,85.50,52.89,47.33,58.43,,0
11/2/18,TX,6,,Jana,LynneSanchez,D,0.00,lite,14.50,44.01,38.45,49.55,,0
11/2/18,TX,6,,Jason,Harber,LIB,0.00,lite,0.00,3.1,1.06,5.62,,0
11/2/18,TX,7,,John,Culberson,R,1.00,lite,59.64,51.04,45.59,56.44,,1
11/2/18,TX,7,,Lizzie,PannillFletcher,D,0.00,lite,40.36,48.96,43.56,54.41,,0
11/2/18,TX,8,,Kevin,Brady,R,1.00,lite,100.00,77.01,70.08,83.88,,1
11/2/18,TX,8,,Steven,David,D,0.00,lite,0.00,19.75,12.86,26.7,,0
11/2/18,TX,8,,Chris,Duncan,LIB,0.00,lite,0.00,3.23,1.12,5.81,,0
11/2/18,TX,9,,Al,Green,D,1.00,lite,100.00,85.17,78.67,91.13,,1
11/2/18,TX,9,,Others,,,0.00,lite,0.00,14.83,8.87,21.33,,0
11/2/18,TX,10,,Michael,T.McCaul,R,1.00,lite,86.48,53.34,47.26,59.42,,1
11/2/18,TX,10,,Mike,Siegel,D,0.00,lite,13.52,43.31,37.16,49.38,,0
11/2/18,TX,10,,Mike,Ryan,LIB,0.00,lite,0.00,3.35,1.18,6.01,,0
11/2/18,TX,11,,K.,MichaelConaway,R,1.00,lite,100.00,80.64,73.96,87.37,,1
11/2/18,TX,11,,Jennie,LouLeeder,D,0.00,lite,0.00,16.05,9.3,22.72,,0
11/2/18,TX,11,,Rhett,RosenquestSmith,LIB,0.00,lite,0.00,3.31,1.15,5.95,,0
11/2/18,TX,12,,Kay,Granger,R,1.00,lite,99.83,63.64,57.8,69.41,,1
11/2/18,TX,12,,Vanessa,Adia,D,0.00,lite,0.16,33.8,28.05,39.68,,0
11/2/18,TX,12,,Jacob,Leddy,LIB,0.00,lite,0.00,2.55,0.81,4.71,,0
11/2/18,TX,13,,Mac,Thornberry,R,1.00,lite,100.00,82.01,75.48,88.41,,1
11/2/18,TX,13,,Greg,Sagan,D,0.00,lite,0.00,14.65,8.21,21.16,,0
11/2/18,TX,13,,Calvin,DeWeese,LIB,0.00,lite,0.00,3.35,1.16,5.99,,0
11/2/18,TX,14,,Randy,Weber,R,1.00,lite,99.26,63.07,55.91,70.25,,1
11/2/18,TX,14,,Adrienne,Bell,D,0.00,lite,0.74,33.99,26.79,41.15,,0
11/2/18,TX,14,,Don,ConleyIII,LIB,0.00,lite,0.00,2.94,0.97,5.37,,0
11/2/18,TX,15,,Vicente,Gonzalez,D,1.00,lite,99.33,64.09,56.58,71.55,,1
11/2/18,TX,15,,Tim,Westley,R,0.00,lite,0.67,33.1,25.58,40.65,,0
11/2/18,TX,15,,Anthony,Cristo,LIB,0.00,lite,0.00,2.8,0.92,5.13,,0
11/2/18,TX,16,,Veronica,Escobar,D,0.00,lite,99.82,67.48,59.91,75.02,,0
11/2/18,TX,16,,Rick,Seeberger,R,0.00,lite,0.18,29.03,21.47,36.52,,0
11/2/18,TX,16,,Ben,Mendoza,IND,0.00,lite,0.00,3.49,1.24,6.27,,0
11/2/18,TX,17,,Bill,Flores,R,1.00,lite,97.68,57.59,52.05,63,,1
11/2/18,TX,17,,Rick,Kennedy,D,0.00,lite,2.32,40.18,34.72,45.66,,0
11/2/18,TX,17,,Peter,Churchman,LIB,0.00,lite,0.00,2.23,0.66,4.2,,0
11/2/18,TX,18,,Sheila,JacksonLee,D,1.00,lite,100.00,81.35,74.69,88,,1
11/2/18,TX,18,,Ava,ReyneroPate,R,0.00,lite,0.00,15.1,8.43,21.79,,0
11/2/18,TX,18,,Others,,,0.00,lite,0.00,3.55,1.27,6.3,,0
11/2/18,TX,19,,Jodey,Arrington,R,1.00,lite,99.99,78.42,71.65,85.24,,1
11/2/18,TX,19,,Miguel,Levario,D,0.00,lite,0.01,21.58,14.76,28.35,,0
11/2/18,TX,20,,Joaquin,Castro,D,1.00,lite,99.99,81.82,75,88.23,,1
11/2/18,TX,20,,Jeffrey,Blunt,LIB,0.00,lite,0.01,18.18,11.77,25,,0
11/2/18,TX,21,,Chip,Roy,R,0.00,lite,79.06,51.2,45.95,56.36,,0
11/2/18,TX,21,,Joseph,Kopser,D,0.00,lite,20.93,44.97,39.75,50.17,,0
11/2/18,TX,21,,Lee,Santos,LIB,0.00,lite,0.00,3.83,1.42,6.73,,0
11/2/18,TX,22,,Pete,Olson,R,1.00,lite,97.48,59.64,52.4,66.77,,1
11/2/18,TX,22,,Sri,PrestonKulkarni,D,0.00,lite,2.52,37.12,29.94,44.3,,0
11/2/18,TX,22,,Others,,,0.00,lite,0.00,3.24,1.13,5.84,,0
11/2/18,TX,23,,Will,Hurd,R,1.00,lite,96.01,56.72,50.89,62.53,,1
11/2/18,TX,23,,Gina,OrtizJones,D,0.00,lite,3.99,40.79,34.97,46.6,,0
11/2/18,TX,23,,Ruben,Corvalan,LIB,0.00,lite,0.00,2.48,0.78,4.63,,0
11/2/18,TX,24,,Kenny,Marchant,R,1.00,lite,96.62,59.9,53.2,66.64,,1
11/2/18,TX,24,,Jan,McDowell,D,0.00,lite,3.38,40.1,33.36,46.8,,0
11/2/18,TX,25,,Roger,Williams,R,1.00,lite,98.15,60.19,53.22,67.05,,1
11/2/18,TX,25,,Julie,Oliver,D,0.00,lite,1.85,36.89,29.98,43.88,,0
11/2/18,TX,25,,Desarae,Lindsey,LIB,0.00,lite,0.00,2.91,0.97,5.3,,0
11/2/18,TX,26,,Michael,Burgess,R,1.00,lite,99.85,67.26,60.13,74.33,,1
11/2/18,TX,26,,Linsey,Fagan,D,0.00,lite,0.15,29.71,22.61,36.82,,0
11/2/18,TX,26,,Mark,Boler,LIB,0.00,lite,0.00,3.03,1.02,5.52,,0
11/2/18,TX,27,,Michael,Cloud,R,1.00,lite,99.60,64.88,57.48,72.14,,1
11/2/18,TX,27,,Eric,Holguin,D,0.00,lite,0.40,31.79,24.54,39.16,,0
11/2/18,TX,27,,Others,,,0.00,lite,0.00,3.33,1.17,5.99,,0
11/2/18,TX,28,,Henry,Cuellar,D,1.00,lite,99.98,81.03,74.1,87.51,,1
11/2/18,TX,28,,Arthur,ThomasIV,LIB,0.00,lite,0.02,18.97,12.49,25.9,,0
11/2/18,TX,29,,Sylvia,R.Garcia,D,0.00,lite,99.90,69.52,61.24,77.74,,0
11/2/18,TX,29,,Phillip,Aronoff,R,0.00,lite,0.10,26.94,18.72,35.16,,0
11/2/18,TX,29,,Cullen,Burns,LIB,0.00,lite,0.00,3.54,1.27,6.28,,0
11/2/18,TX,30,,Eddie,BerniceJohnson,D,1.00,lite,100.00,88.37,82.45,93.69,,1
11/2/18,TX,30,,Shawn,Jones,LIB,0.00,lite,0.00,11.63,6.31,17.55,,0
11/2/18,TX,31,,John,Carter,R,1.00,lite,97.42,55.77,51.02,60.53,,1
11/2/18,TX,31,,Mary,JenningsHegar,D,0.00,lite,2.58,41.56,36.79,46.27,,0
11/2/18,TX,31,,Jason,Hope,LIB,0.00,lite,0.00,2.67,0.86,4.96,,0
11/2/18,TX,32,,Pete,Sessions,R,1.00,lite,55.68,49.24,43.82,54.68,,1
11/2/18,TX,32,,Colin,Allred,D,0.00,lite,44.32,48.09,42.62,53.52,,0
11/2/18,TX,32,,Melina,Baker,LIB,0.00,lite,0.00,2.67,0.85,4.91,,0
11/2/18,TX,33,,Marc,Veasey,D,1.00,lite,100.00,78.54,70.99,86.09,,1
11/2/18,TX,33,,Jason,Reeves,LIB,0.00,lite,0.00,3.09,1.05,5.57,,0
11/2/18,TX,33,,Willie,Billups,R,0.00,lite,0.00,18.37,10.8,25.86,,0
11/2/18,TX,34,,Filemon,Vela,D,1.00,lite,99.71,68.23,60.56,75.95,,1
11/2/18,TX,34,,Rey,Gonzalez,R,0.00,lite,0.29,31.77,24.05,39.44,,0
11/2/18,TX,35,,Lloyd,Doggett,D,1.00,lite,99.95,71.64,64.4,79,,1
11/2/18,TX,35,,David,Smalling,R,0.00,lite,0.04,25.42,18,32.68,,0
11/2/18,TX,35,,Clark,Patterson,LIB,0.00,lite,0.00,2.94,0.97,5.38,,0
11/2/18,TX,36,,Brian,Babin,R,1.00,lite,99.99,77.08,70.35,83.88,,1
11/2/18,TX,36,,Dayna,Steele,D,0.00,lite,0.01,22.92,16.12,29.65,,0
11/2/18,UT,1,,Rob,Bishop,R,1.00,lite,99.59,59.34,52.25,66.42,,1
11/2/18,UT,1,,Lee,Castillo,D,0.00,lite,0.41,29.91,22.72,37.02,,0
11/2/18,UT,1,,Others,,,0.00,lite,0.00,10.75,5.98,15.99,,0
11/2/18,UT,2,,Chris,Stewart,R,1.00,lite,97.29,55.28,48.77,61.75,,1
11/2/18,UT,2,,Shireen,Ghorbani,D,0.00,lite,2.71,36.54,29.98,43,,0
11/2/18,UT,2,,Jeffrey,Whipple,LIB,0.00,lite,0.00,8.18,4.14,12.81,,0
11/2/18,UT,3,,John,R.Curtis,R,1.00,lite,99.59,61.69,53.91,69.37,,1
11/2/18,UT,3,,James,Singer,D,0.00,lite,0.41,28.65,20.89,36.38,,0
11/2/18,UT,3,,Others,,,0.00,lite,0.00,9.65,5.19,14.63,,0
11/2/18,UT,4,,Ben,McAdams,D,0.00,lite,61.95,51.2,46.12,56.29,,0
11/2/18,UT,4,,Mia,Love,R,1.00,lite,38.05,48.8,43.71,53.88,,1
11/2/18,VA,1,,Robert,J.Wittman,R,1.00,lite,92.37,57.71,50.87,64.51,,1
11/2/18,VA,1,,Vangie,Williams,D,0.00,lite,7.63,42.29,35.49,49.13,,0
11/2/18,VA,2,,Scott,Taylor,R,1.00,lite,75.69,52.18,48.06,56.26,,1
11/2/18,VA,2,,Elaine,Luria,D,0.00,lite,24.31,47.82,43.74,51.94,,0
11/2/18,VA,3,,Robert,C.Scott,D,1.00,lite,100.00,100,100,100,,1
11/2/18,VA,4,,A.,DonaldMcEachin,D,1.00,lite,99.94,69.1,62.25,76.04,,1
11/2/18,VA,4,,Ryan,McAdams,R,0.00,lite,0.06,27.9,20.93,34.75,,0
11/2/18,VA,4,,Pete,Wells,L,0.00,lite,0.00,3,1,5.49,,0
11/2/18,VA,5,,Leslie,Cockburn,D,0.00,lite,50.93,50.06,45.49,54.68,,0
11/2/18,VA,5,,Denver,Riggleman,R,0.00,lite,49.07,49.94,45.32,54.51,,0
11/2/18,VA,6,,Ben,Cline,R,0.00,lite,95.65,59.23,52.44,66.03,,0
11/2/18,VA,6,,Jennifer,Lewis,D,0.00,lite,4.35,40.77,33.97,47.56,,0
11/2/18,VA,7,,Dave,Brat,R,1.00,lite,55.82,49.16,44.6,53.71,,1
11/2/18,VA,7,,Abigail,Spanberger,D,0.00,lite,44.18,48.14,43.58,52.66,,0
11/2/18,VA,7,,Joe,Walton,LIB,0.00,lite,0.00,2.71,0.88,4.97,,0
11/2/18,VA,8,,Don,Beyer,D,1.00,lite,100.00,81.64,75.23,88.08,,1
11/2/18,VA,8,,Thomas,Oh,R,0.00,lite,0.00,18.36,11.92,24.77,,0
11/2/18,VA,9,,Morgan,Griffith,R,1.00,lite,96.97,60.22,53.43,67.05,,1
11/2/18,VA,9,,Anthony,Flaccavento,D,0.00,lite,3.03,39.78,32.95,46.57,,0
11/2/18,VA,10,,Jennifer,Wexton,D,0.00,lite,85.58,53.83,49.16,58.5,,0
11/2/18,VA,10,,Barbara,Comstock,R,1.00,lite,14.42,46.17,41.5,50.84,,1
11/2/18,VA,11,,Gerald,E.Connolly,D,1.00,lite,100.00,74.93,68.01,81.88,,1
11/2/18,VA,11,,Stevan,Porter,LIB,0.00,lite,0.00,3.12,1.06,5.64,,0
11/2/18,VA,11,,Jeff,Dove,R,0.00,lite,0.00,21.95,15,28.82,,0
11/2/18,VT,1,,Peter,Welch,D,1.00,lite,100.00,67.18,61.65,72.64,,1
11/2/18,VT,1,,Anya,Tynio,R,0.00,lite,0.00,28.2,22.71,33.66,,0
11/2/18,VT,1,,Others,,,0.00,lite,0.00,4.62,1.81,7.92,,0
11/2/18,WA,1,,Suzan,DelBene,D,1.00,lite,99.87,68.73,61.9,75.59,,1
11/2/18,WA,1,,Jeffrey,Beeler,R,0.00,lite,0.13,31.27,24.41,38.1,,0
11/2/18,WA,2,,Rick,Larsen,D,1.00,lite,99.97,77.62,70.65,84.28,,1
11/2/18,WA,2,,Brian,Luke,L,0.00,lite,0.03,22.38,15.72,29.35,,0
11/2/18,WA,3,,Jaime,HerreraBeutler,R,1.00,lite,75.69,52.49,47.88,57.02,,1
11/2/18,WA,3,,Carolyn,Long,D,0.00,lite,24.31,47.51,42.98,52.12,,0
11/2/18,WA,4,,Dan,Newhouse,R,1.00,lite,99.25,64.59,57.41,71.78,,1
11/2/18,WA,4,,Christine,Brown,D,0.00,lite,0.75,35.41,28.22,42.59,,0
11/2/18,WA,5,,Cathy,McMorrisRodgers,R,1.00,lite,82.66,54.02,48.52,59.45,,1
11/2/18,WA,5,,Lisa,Brown,D,0.00,lite,17.34,45.98,40.55,51.48,,0
11/2/18,WA,6,,Derek,Kilmer,D,1.00,lite,99.83,68.3,61.35,75.24,,1
11/2/18,WA,6,,Douglas,Dightman,R,0.00,lite,0.17,31.7,24.76,38.65,,0
11/2/18,WA,7,,Pramila,Jayapal,D,1.00,lite,100.00,89.4,84.24,94.56,,1
11/2/18,WA,7,,Craig,Keller,R,0.00,lite,0.00,10.6,5.44,15.76,,0
11/2/18,WA,8,,Dino,Rossi,R,0.00,lite,52.77,50.27,45.06,55.46,,0
11/2/18,WA,8,,Kim,Schrier,D,0.00,lite,47.23,49.73,44.54,54.94,,0
11/2/18,WA,9,,Adam,Smith,D,1.00,lite,98.53,61.72,54.83,68.62,,1
11/2/18,WA,9,,Sarah,Smith,D,0.00,lite,1.47,38.28,31.38,45.17,,0
11/2/18,WA,10,,Denny,Heck,D,1.00,lite,99.78,67.08,60.38,73.82,,1
11/2/18,WA,10,,Joseph,Brumbles,R,0.00,lite,0.22,32.92,26.18,39.62,,0
11/2/18,WI,1,,Bryan,Steil,R,0.00,lite,58.20,49.26,44.03,54.41,,0
11/2/18,WI,1,,Randy,Bryce,D,0.00,lite,41.80,47.63,42.43,52.82,,0
11/2/18,WI,1,,Ken,Yorgan,I,0.00,lite,0.00,3.11,1.05,5.66,,0
11/2/18,WI,2,,Mark,Pocan,D,1.00,lite,100.00,100,100,100,,1
11/2/18,WI,3,,Ron,Kind,D,1.00,lite,98.65,62.69,55.78,69.6,,1
11/2/18,WI,3,,Steve,Toft,R,0.00,lite,1.35,37.31,30.4,44.22,,0
11/2/18,WI,4,,Gwen,Moore,D,1.00,lite,100.00,81.78,75.51,88.03,,1
11/2/18,WI,4,,Robert,R.Raymond,I,0.00,lite,0.00,3.31,1.16,5.93,,0
11/2/18,WI,4,,Tim,Rogers,R,0.00,lite,0.00,14.91,8.61,21.17,,0
11/2/18,WI,5,,F.,JamesSensenbrenner,R,1.00,lite,97.80,61.5,54.4,68.63,,1
11/2/18,WI,5,,Tom,Palzewicz,D,0.00,lite,2.20,38.5,31.37,45.6,,0
11/2/18,WI,6,,Glenn,Grothman,R,1.00,lite,71.96,52.41,47.07,57.72,,1
11/2/18,WI,6,,Dan,Kohl,D,0.00,lite,28.04,47.59,42.28,52.93,,0
11/2/18,WI,7,,Sean,P.Duffy,R,1.00,lite,93.51,57.02,49.78,64.27,,1
11/2/18,WI,7,,Margaret,Engebretson,D,0.00,lite,6.49,39.97,32.73,47.18,,0
11/2/18,WI,7,,Ken,Driessen,DPD,0.00,lite,0.00,3.01,1.01,5.48,,0
11/2/18,WI,8,,Mike,Gallagher,R,1.00,lite,90.93,57.4,50.32,64.42,,1
11/2/18,WI,8,,Beau,Liegeois,D,0.00,lite,9.07,42.6,35.58,49.68,,0
11/2/18,WV,1,,David,McKinley,R,1.00,lite,99.31,61.06,55.63,66.49,,1
11/2/18,WV,1,,Kendra,Fershee,D,0.00,lite,0.69,38.94,33.51,44.37,,0
11/2/18,WV,2,,Alex,Mooney,R,1.00,lite,88.17,53.57,47.82,59.3,,1
11/2/18,WV,2,,Talley,Sergent,D,0.00,lite,11.83,43.25,37.49,49,,0
11/2/18,WV,2,,Daniel,LutzJr.,Mountain,0.00,lite,0.00,3.18,1.09,5.73,,0
11/2/18,WV,3,,Carol,Miller,R,0.00,lite,72.42,52.49,47,57.96,,0
11/2/18,WV,3,,Richard,Ojeda,D,0.00,lite,27.58,47.51,42.04,53,,0
11/2/18,WY,1,,Liz,Cheney,R,1.00,lite,99.97,71.58,64.27,78.93,,1
11/2/18,WY,1,,Greg,Hunter,D,0.00,lite,0.03,23.46,16.13,30.72,,0
11/2/18,WY,1,,Others,,,0.00,lite,0.00,4.96,2.02,8.44,,0