AK,1,Don Young,Don Young,R,1,0.6521,49.18,44.13,54.19,,R,1
AK,1,Alyse S. Galvin,Alyse S. Galvin,D,0,0.3479,46.29,41.22,51.32,,D,0
AK,1,Others,Others,,0,0,4.53,1.8,7.84,,,0
AL,1,Bradley Byrne,Bradley Byrne,R,1,0.9998,65.87,61.16,70.58,,R,1
AL,1,Robert Kennedy Jr.,Robert Kennedy Jr.,D,0,0.0002,34.13,29.43,38.84,,D,0
AL,2,Martha Roby,Martha Roby,R,1,0.9752,57.89,52.94,62.77,,R,1
AL,2,Tabitha Isner,Tabitha Isner,D,0,0.0248,42.11,37.23,47.06,,D,0
AL,3,Mike Rogers,Mike Rogers,R,1,0.9978,62.06,57.34,66.75,,R,1
AL,3,Mallory Hagan,Mallory Hagan,D,0,0.0022,37.94,33.25,42.66,,D,0
AL,4,Robert B. Aderholt,Robert B. Aderholt,R,1,1,76.94,72.09,81.79,,R,1
AL,4,Lee Auman,Lee Auman,D,0,0,23.06,18.21,27.91,,D,0
AL,5,Mo Brooks,Mo Brooks,R,1,0.999,63.45,58.59,68.25,,R,1
AL,5,Peter Joffrion,Peter Joffrion,D,0,0.001,36.55,31.75,41.41,,D,0
AL,6,Gary Palmer,Gary Palmer,R,1,0.9999,67.66,63,72.32,,R,1
AL,6,Danner Kline,Danner Kline,D,0,0.0001,32.34,27.68,37,,D,0
AL,7,Terri A. Sewell,Terri A. Sewell,D,1,1,100,100,100,,D,1
AR,1,Rick Crawford,Rick Crawford,R,1,0.9996,62.76,57.69,67.82,,R,1
AR,1,Chintan Desai,Chintan Desai,D,0,0.0004,33.39,28.3,38.43,,D,0
AR,1,Elvis Presley,Elvis Presley,L,0,0,3.85,1.4,6.79,,L,0
AR,2,French Hill,French Hill,R,1,0.8597,52.05,47.73,56.35,,R,1
AR,2,Clarke Tucker,Clarke Tucker,D,0,0.1403,45.16,40.85,49.44,,D,0
AR,2,Joe Ryne Swafford,Joe Ryne Swafford,L,0,0,2.79,0.91,5.1,,L,0
AR,3,Steve Womack,Steve Womack,R,1,0.9992,61.49,56.63,66.36,,R,1
AR,3,Josh Mahony,Josh Mahony,D,0,0.0008,35.05,30.13,39.89,,D,0
AR,3,Michael Kalagias,Michael Kalagias,L,0,0,3.46,1.22,6.19,,L,0
AR,4,Bruce Westerman,Bruce Westerman,R,1,0.9995,62.09,57.34,66.81,,R,1
AR,4,Hayden Shamel,Hayden Shamel,D,0,0.0005,33.97,29.23,38.72,,D,0
AR,4,Tom Canada,Tom Canada,L,0,0,3.94,1.47,6.89,,L,0
AZ,1,Tom O'Halleran,Tom O'Halleran,D,1,0.8808,54.15,49.63,58.67,,D,1
AZ,1,Wendy Rogers,Wendy Rogers,R,0,0.1192,45.85,41.33,50.37,,R,0
AZ,2,Ann Kirkpatrick,Ann Kirkpatrick,D,0,0.9644,55.61,51.74,59.49,,D,0
AZ,2,Lea Marquez Peterson,Lea Marquez Peterson,R,0,0.0356,44.39,40.51,48.26,,R,0
AZ,3,Raul Grijalva,Raul Grijalva,D,1,0.9999,69.38,64.14,74.5,,D,1
AZ,3,Nick Pierson,Nick Pierson,R,0,0.0001,30.62,25.5,35.86,,R,0
AZ,4,Paul A. Gosar,Paul A. Gosar,R,1,0.9995,62.63,57.56,67.63,,R,1
AZ,4,David Brill,David Brill,D,0,0.0005,33.41,28.44,38.47,,D,0
AZ,4,Haryaksha Gregor Knauer,Haryaksha Gregor Knauer,G,0,0,3.96,1.48,6.95,,G,0
AZ,5,Andy Biggs,Andy Biggs,R,1,0.9983,63.85,58.89,68.85,,R,1
AZ,5,Joan Greene,Joan Greene,D,0,0.0017,36.15,31.15,41.11,,D,0
AZ,6,David Schweikert,David Schweikert,R,1,0.9045,54.73,50.1,59.35,,R,1
AZ,6,Anita Malik,Anita Malik,D,0,0.0955,45.27,40.65,49.9,,D,0
AZ,7,Ruben Gallego,Ruben Gallego,D,1,1,86.62,80.32,92.38,,D,1
AZ,7,Gary Swing,Gary Swing,G,0,0,13.38,7.62,19.68,,G,0
AZ,8,Debbie Lesko,Debbie Lesko,R,1,0.7701,52.32,48.27,56.41,,R,1
AZ,8,Hiral Tipirneni,Hiral Tipirneni,D,0,0.2299,47.68,43.59,51.73,,D,0
AZ,9,Greg Stanton,Greg Stanton,D,0,0.9942,60.39,55.6,65.16,,D,0
AZ,9,Steve Ferrara,Steve Ferrara,R,0,0.0058,39.61,34.84,44.4,,R,0
CA,1,Doug LaMalfa,Doug LaMalfa,R,1,0.785,53.06,48.02,58.1,,R,1
CA,1,Audrey Denney,Audrey Denney,D,0,0.215,46.94,41.9,51.98,,D,0
CA,2,Jared Huffman,Jared Huffman,D,1,1,80.94,76.71,85.2,,D,1
CA,2,Dale K. Mensing,Dale K. Mensing,R,0,0,19.06,14.8,23.29,,R,0
CA,3,John Garamendi,John Garamendi,D,1,0.9995,65.2,60.47,69.97,,D,1
CA,3,Charlie Schaupp,Charlie Schaupp,R,0,0.0005,34.8,30.03,39.53,,R,0
CA,4,Tom McClintock,Tom McClintock,R,1,0.8472,53.27,49.13,57.46,,R,1
CA,4,Jessica Morse,Jessica Morse,D,0,0.1528,46.73,42.54,50.87,,D,0
CA,5,Mike Thompson,Mike Thompson,D,1,0.9999,80.52,73.61,87.04,,D,1
CA,5,Anthony Mills,Anthony Mills,I,0,0.0001,19.48,12.96,26.39,,I,0
CA,6,Doris O. Matsui,Doris O. Matsui,D,1,1,78.4,73.68,83.17,,D,1
CA,6,Jrmar Jefferson,Jrmar Jefferson,D,0,0,21.6,16.83,26.32,,D,0
CA,7,Ami Bera,Ami Bera,D,1,0.9934,58.86,54.68,63,,D,1
CA,7,Andrew Grant,Andrew Grant,R,0,0.0066,41.14,37,45.32,,R,0
CA,8,Paul Cook,Paul Cook,R,1,0.9662,60.09,52.99,67.16,,R,1
CA,8,Tim Donnelly,Tim Donnelly,R,0,0.0338,39.91,32.84,47.01,,R,0
CA,9,Jerry McNerney,Jerry McNerney,D,1,0.9994,64.2,59.45,68.98,,D,1
CA,9,Marla Livengood,Marla Livengood,R,0,0.0006,35.8,31.02,40.55,,R,0
CA,10,Josh Harder,Josh Harder,D,0,0.7679,52.43,48.11,56.71,,D,0
CA,10,Jeff Denham,Jeff Denham,R,1,0.2321,47.57,43.29,51.89,,R,1
CA,11,Mark DeSaulnier,Mark DeSaulnier,D,1,1,78.41,73.66,83.22,,D,1
CA,11,John Fitzgerald,John Fitzgerald,R,0,0,21.59,16.78,26.34,,R,0
CA,12,Nancy Pelosi,Nancy Pelosi,D,1,1,90.7,86.93,94.47,,D,1
CA,12,Lisa Remmer,Lisa Remmer,R,0,0,9.3,5.53,13.07,,R,0
CA,13,Barbara Lee,Barbara Lee,D,1,1,90.16,84.64,95.07,,D,1
CA,13,Laura Wells,Laura Wells,G,0,0,9.84,4.93,15.36,,G,0
CA,14,Jackie Speier,Jackie Speier,D,1,1,83.43,78.9,87.98,,D,1
CA,14,Cristina Osmeña,Cristina Osmeña,R,0,0,16.57,12.02,21.1,,R,0
CA,15,Eric Swalwell,Eric Swalwell,D,1,1,77.34,72.51,82.14,,D,1
CA,15,Rudy L. Peters Jr.,Rudy L. Peters Jr.,R,0,0,22.66,17.86,27.49,,R,0
CA,16,Jim Costa,Jim Costa,D,1,0.9808,58.26,53.35,63.24,,D,1
CA,16,Elizabeth Heng,Elizabeth Heng,R,0,0.0192,41.74,36.76,46.65,,R,0
CA,17,Ro Khanna,Ro Khanna,D,1,1,80.02,74.45,85.64,,D,1
CA,17,Ron Cohen,Ron Cohen,R,0,0,19.98,14.36,25.55,,R,0
CA,18,Anna G. Eshoo,Anna G. Eshoo,D,1,1,78.62,73.45,83.79,,D,1
CA,18,Christine Russell,Christine Russell,R,0,0,21.38,16.21,26.55,,R,0
CA,19,Zoe Lofgren,Zoe Lofgren,D,1,1,86.12,82.03,90.23,,D,1
CA,19,Justin James Aguilera,Justin James Aguilera,R,0,0,13.88,9.77,17.97,,R,0
CA,20,Jimmy Panetta,Jimmy Panetta,D,1,0.9997,76.99,69.96,83.74,,D,1
CA,20,Ronald Paul Kabat,Ronald Paul Kabat,I,0,0.0003,23.01,16.26,30.04,,I,0
CA,21,David Valadao,David Valadao,R,1,0.7945,53.26,48.12,58.43,,R,1
CA,21,TJ Cox,TJ Cox,D,0,0.2055,46.74,41.57,51.88,,D,0
CA,22,Devin Nunes,Devin Nunes,R,1,0.9531,55.29,51.31,59.21,,R,1
CA,22,Andrew Janz,Andrew Janz,D,0,0.0469,44.71,40.79,48.69,,D,0
CA,23,Kevin McCarthy,Kevin McCarthy,R,1,0.9992,64.7,59.78,69.59,,R,1
CA,23,Tatiana Matta,Tatiana Matta,D,0,0.0008,35.3,30.41,40.22,,D,0
CA,24,Salud Carbajal,Salud Carbajal,D,1,0.9838,58.38,53.65,63.15,,D,1
CA,24,Justin Fareed,Justin Fareed,R,0,0.0162,41.62,36.85,46.35,,R,0
CA,25,Katie Hill,Katie Hill,D,0,0.6347,51.19,46.67,55.7,,D,0
CA,25,Steve Knight,Steve Knight,R,1,0.3653,48.81,44.3,53.33,,R,1
CA,26,Julia Brownley,Julia Brownley,D,1,0.9997,67.32,62.23,72.38,,D,1
CA,26,Antonio Sabato Jr.,Antonio Sabato Jr.,R,0,0.0003,32.68,27.62,37.77,,R,0
CA,27,Judy Chu,Judy Chu,D,1,1,75.47,70.36,80.63,,D,1
CA,27,Bryan Witt,Bryan Witt,D,0,0,24.53,19.37,29.64,,D,0
CA,28,Adam Schiff,Adam Schiff,D,1,1,81.68,77.39,85.98,,D,1
CA,28,Johnny J. Nalbandian,Johnny J. Nalbandian,R,0,0,18.32,14.02,22.61,,R,0
CA,29,Tony Cárdenas,Tony Cárdenas,D,1,1,81.09,75.9,86.32,,D,1
CA,29,Benito Benny Bernal,Benito Benny Bernal,R,0,0,18.91,13.68,24.1,,R,0
CA,30,Brad Sherman,Brad Sherman,D,1,1,77.15,72.51,81.8,,D,1
CA,30,Mark S. Reed,Mark S. Reed,R,0,0,22.85,18.2,27.49,,R,0
CA,31,Pete Aguilar,Pete Aguilar,D,1,0.9987,63.05,58.14,67.97,,D,1
CA,31,Sean Flynn,Sean Flynn,R,0,0.0013,36.95,32.03,41.86,,R,0
CA,32,Grace Napolitano,Grace Napolitano,D,1,1,83.08,78.72,87.39,,D,1
CA,32,Joshua M. Scott,Joshua M. Scott,R,0,0,16.92,12.61,21.28,,R,0
CA,33,Ted Lieu,Ted Lieu,D,1,1,73.58,68.27,78.88,,D,1
CA,33,Kenneth Weston Wright,Kenneth Weston Wright,R,0,0,26.42,21.12,31.73,,R,0
CA,34,Jimmy Gomez,Jimmy Gomez,D,1,0.9999,81.84,74.97,88.29,,D,1
CA,34,Kenneth Mejia,Kenneth Mejia,G,0,0.0001,18.16,11.71,25.03,,G,0
CA,35,Norma Torres,Norma Torres,D,1,1,74.35,69.4,79.31,,D,1
CA,35,Christian Leonel Valiente,Christian Leonel Valiente,R,0,0,25.65,20.69,30.6,,R,0
CA,36,Raul Ruiz,Raul Ruiz,D,1,0.9979,62.43,57.62,67.27,,D,1
CA,36,Kimberlin Brown Pelzer,Kimberlin Brown Pelzer,R,0,0.0021,37.57,32.73,42.38,,R,0
CA,37,Karen Bass,Karen Bass,D,1,1,90.5,87,94,,D,1
CA,37,Ron J. Bassilian,Ron J. Bassilian,R,0,0,9.5,6,13,,R,0
CA,38,Linda Sánchez,Linda Sánchez,D,1,1,72.21,67.33,77.16,,D,1
CA,38,Ryan Downing,Ryan Downing,R,0,0,27.79,22.84,32.67,,R,0
CA,39,Gil Cisneros,Gil Cisneros,D,0,0.5795,50.63,46.41,54.85,,D,0
CA,39,Young Kim,Young Kim,R,0,0.4205,49.37,45.15,53.59,,R,0
CA,40,Lucille Roybal-Allard,Lucille Roybal-Allard,D,1,0.9996,77.4,70.39,84.12,,D,1
CA,40,Rodolfo Cortes Barragan,Rodolfo Cortes Barragan,G,0,0.0004,22.6,15.88,29.61,,G,0
CA,41,Mark Takano,Mark Takano,D,1,0.9998,67.87,62.79,72.94,,D,1
CA,41,Aja Smith,Aja Smith,R,0,0.0002,32.13,27.06,37.21,,R,0
CA,42,Ken Calvert,Ken Calvert,R,1,0.9749,57.85,52.93,62.77,,R,1
CA,42,Julia C. Peacock,Julia C. Peacock,D,0,0.0251,42.15,37.23,47.07,,D,0
CA,43,Maxine Waters,Maxine Waters,D,1,1,78.82,73.85,83.84,,D,1
CA,43,Omar Navarro,Omar Navarro,R,0,0,21.18,16.16,26.15,,R,0
CA,44,Nanette Diaz Barragán,Nanette Diaz Barragán,D,1,1,72.65,67.13,78.13,,D,1
CA,44,Aja L. Brown,Aja L. Brown,D,0,0,27.35,21.87,32.87,,D,0
CA,45,Katie Porter,Katie Porter,D,0,0.6392,51.14,46.9,55.39,,D,0
CA,45,Mimi Walters,Mimi Walters,R,1,0.3608,48.86,44.61,53.1,,R,1
CA,46,J. Luis Correa,J. Luis Correa,D,1,1,72.75,67.71,77.78,,D,1
CA,46,Russell Rene Lambert,Russell Rene Lambert,R,0,0,27.25,22.22,32.29,,R,0
CA,47,Alan Lowenthal,Alan Lowenthal,D,1,0.9999,68.12,63.28,72.89,,D,1
CA,47,John Briscoe,John Briscoe,R,0,0.0001,31.88,27.11,36.72,,R,0
CA,48,Harley Rouda,Harley Rouda,D,0,0.6395,51.25,46.71,55.76,,D,0
CA,48,Dana Rohrabacher,Dana Rohrabacher,R,1,0.3605,48.75,44.24,53.29,,R,1
CA,49,Mike Levin,Mike Levin,D,0,0.9767,56.21,52.33,60.06,,D,0
CA,49,Diane L. Harkey,Diane L. Harkey,R,0,0.0233,43.79,39.94,47.67,,R,0
CA,50,Duncan D. Hunter,Duncan D. Hunter,R,1,0.7776,52.21,48.41,55.94,,R,1
CA,50,Ammar Campa-Najjar,Ammar Campa-Najjar,D,0,0.2224,47.79,44.06,51.59,,D,0
CA,51,Juan Vargas,Juan Vargas,D,1,1,74.11,68.78,79.48,,D,1
CA,51,Juan M. Hidalgo Jr.,Juan M. Hidalgo Jr.,R,0,0,25.89,20.52,31.22,,R,0
CA,52,Scott Peters,Scott Peters,D,1,0.9994,64.77,59.76,69.87,,D,1
CA,52,Omar Qudrat,Omar Qudrat,R,0,0.0006,35.23,30.13,40.24,,R,0
CA,53,Susan Davis,Susan Davis,D,1,1,69.07,64.39,73.83,,D,1
CA,53,Morgan Murtaugh,Morgan Murtaugh,R,0,0,30.93,26.17,35.61,,R,0
CO,1,Diana DeGette,Diana DeGette,D,1,1,70.99,65.92,76.03,,D,1
CO,1,Charles Casper Stockham,Charles Casper Stockham,R,0,0,24.73,19.63,29.75,,R,0
CO,1,Others,Others,,0,0,4.29,1.64,7.41,,,0
CO,2,Joe Neguse,Joe Neguse,D,0,0.9996,62.95,57.66,68.14,,D,0
CO,2,Peter Yu,Peter Yu,R,0,0.0004,32.42,27.08,37.69,,R,0
CO,2,Others,Others,,0,0,4.64,1.83,8,,,0
CO,3,Scott Tipton,Scott Tipton,R,1,0.8305,51.59,46.45,56.7,,R,1
CO,3,Diane Mitsch Bush,Diane Mitsch Bush,D,0,0.1695,44.46,39.32,49.55,,D,0
CO,3,Others,Others,,0,0,3.95,1.47,6.93,,,0
CO,4,Ken Buck,Ken Buck,R,1,0.9554,56.69,51.74,61.6,,R,1
CO,4,Karen McCormick,Karen McCormick,D,0,0.0446,43.31,38.4,48.26,,D,0
CO,5,Doug Lamborn,Doug Lamborn,R,1,0.979,58.26,53.29,63.21,,R,1
CO,5,Stephany Rose Spaulding,Stephany Rose Spaulding,D,0,0.021,41.74,36.79,46.71,,D,0
CO,6,Jason Crow,Jason Crow,D,0,0.8804,51.81,47.46,56.07,,D,0
CO,6,Mike Coffman,Mike Coffman,R,1,0.1196,44.42,40.08,48.7,,R,1
CO,6,Others,Others,,0,0,3.77,1.38,6.69,,,0
CO,7,Ed Perlmutter,Ed Perlmutter,D,1,0.9991,62.13,57.01,67.27,,D,1
CO,7,Mark Barrington,Mark Barrington,R,0,0.0009,33.96,28.82,39.03,,R,0
CO,7,Others,Others,,0,0,3.91,1.45,6.88,,,0
CT,1,John B. Larson,John B. Larson,D,1,1,67.13,62.26,72.02,,D,1
CT,1,Tom McCormick,Tom McCormick,G,0,0,2.8,0.92,5.12,,G,0
CT,1,Jennifer Nye,Jennifer Nye,R,0,0,30.08,25.14,34.9,,R,0
CT,2,Joe Courtney,Joe Courtney,D,1,0.9998,64.66,59.73,69.54,,D,1
CT,2,Dan Postemski,Dan Postemski,R,0,0.0002,32.37,27.48,37.27,,R,0
CT,2,Others,Others,,0,0,2.97,0.99,5.43,,,0
CT,3,Rosa L. DeLauro,Rosa L. DeLauro,D,1,1,70.34,65.62,75.06,,D,1
CT,3,Angel Cadena,Angel Cadena,R,0,0,29.66,24.94,34.38,,R,0
CT,4,Jim Himes,Jim Himes,D,1,0.9997,65.12,60.14,70.04,,D,1
CT,4,Harry Arora,Harry Arora,R,0,0.0003,34.88,29.96,39.86,,R,0
CT,5,Jahana Hayes,Jahana Hayes,D,0,0.9713,57.43,52.55,62.23,,D,0
CT,5,Manny Santos,Manny Santos,R,0,0.0287,42.57,37.77,47.45,,R,0
DE,1,Lisa Blunt Rochester,Lisa Blunt Rochester,D,1,0.9979,61.78,57.1,66.44,,D,1
DE,1,Scott Walker,Scott Walker,R,0,0.0021,38.22,33.56,42.9,,R,0
FL,1,Matt Gaetz,Matt Gaetz,R,1,1,70.31,65.55,75.01,,R,1
FL,1,Jennifer Zimmerman,Jennifer Zimmerman,D,0,0,29.69,24.99,34.45,,D,0
FL,2,Neal Dunn,Neal Dunn,R,1,0.9997,66.46,61.48,71.35,,R,1
FL,2,Bob Rackleff,Bob Rackleff,D,0,0.0003,33.54,28.65,38.52,,D,0
FL,3,Ted Yoho,Ted Yoho,R,1,0.9866,58.93,54,63.77,,R,1
FL,3,Yvonne Hayes Hinson,Yvonne Hayes Hinson,D,0,0.0134,41.07,36.23,46,,D,0
FL,4,John Rutherford,John Rutherford,R,1,0.9999,66.48,61.47,71.39,,R,1
FL,4,"George ""Ges"" Selmont","George ""Ges"" Selmont",D,0,0.0001,30.33,25.43,35.3,,D,0
FL,4,Others,Others,,0,0,3.18,1.08,5.76,,,0
FL,5,Al Lawson,Al Lawson,D,1,0.9999,70.88,66.14,75.66,,D,1
FL,5,Virginia Fuller,Virginia Fuller,R,0,0.0001,29.12,24.34,33.86,,R,0
FL,6,Michael Waltz,Michael Waltz,R,0,0.7458,51.97,48.01,55.97,,R,0
FL,6,Nancy Soderberg,Nancy Soderberg,D,0,0.2542,48.03,44.03,51.99,,D,0
FL,7,Stephanie Murphy,Stephanie Murphy,D,1,0.944,55.89,51.2,60.61,,D,1
FL,7,Mike Miller,Mike Miller,R,0,0.056,44.11,39.39,48.8,,R,0
FL,8,Bill Posey,Bill Posey,R,1,0.9929,60.2,55.24,65.15,,R,1
FL,8,Sanjay Patel,Sanjay Patel,D,0,0.0071,39.8,34.85,44.76,,D,0
FL,9,Darren Soto,Darren Soto,D,1,0.9835,58.8,53.83,63.79,,D,1
FL,9,Wayne Liebnitzky,Wayne Liebnitzky,R,0,0.0165,41.2,36.21,46.17,,R,0
FL,10,Val Demings,Val Demings,D,1,1,100,100,100,,D,1
FL,11,Daniel Webster,Daniel Webster,R,1,0.9994,65.19,60.12,70.19,,R,1
FL,11,Dana Cottrell,Dana Cottrell,D,0,0.0006,34.81,29.81,39.88,,D,0
FL,12,Gus M. Bilirakis,Gus M. Bilirakis,R,1,0.9945,57.68,53.24,62.03,,R,1
FL,12,Chris Hunter,Chris Hunter,D,0,0.0055,39.44,35.07,43.82,,D,0
FL,12,Angelika Purkis,Angelika Purkis,N,0,0,2.88,0.95,5.27,,N,0
FL,13,Charlie Crist,Charlie Crist,D,1,0.9988,63.01,58.18,67.81,,D,1
FL,13,George Buck,George Buck,R,0,0.0012,36.99,32.19,41.82,,R,0
FL,14,Kathy Castor,Kathy Castor,D,1,1,100,100,100,,D,1
FL,15,Ross Spano,Ross Spano,R,0,0.5746,50.53,46.9,54.19,,R,0
FL,15,Kristen Carlson,Kristen Carlson,D,0,0.4254,49.47,45.81,53.1,,D,0
FL,16,Vern Buchanan,Vern Buchanan,R,1,0.8553,53.21,49.33,57.04,,R,1
FL,16,David Shapiro,David Shapiro,D,0,0.1447,46.79,42.96,50.67,,D,0
FL,17,Greg Steube,Greg Steube,R,0,0.9981,63.01,57.92,68.11,,R,0
FL,17,April Freeman,April Freeman,D,0,0.0019,36.99,31.89,42.08,,D,0
FL,18,Brian Mast,Brian Mast,R,1,0.9065,53.94,50.11,57.73,,R,1
FL,18,Lauren Baer,Lauren Baer,D,0,0.0935,46.06,42.27,49.89,,D,0
FL,19,Francis Rooney,Francis Rooney,R,1,0.9897,58.58,54.13,63.04,,R,1
FL,19,David Holden,David Holden,D,0,0.0103,41.42,36.96,45.87,,D,0
FL,20,Alcee L. Hastings,Alcee L. Hastings,D,1,1,100,100,100,,D,1
FL,21,Lois Frankel,Lois Frankel,D,1,1,100,100,100,,D,1
FL,22,Ted Deutch,Ted Deutch,D,1,0.9995,65.04,60.18,69.92,,D,1
FL,22,Nicolas Kimaz,Nicolas Kimaz,R,0,0.0005,34.96,30.08,39.82,,R,0
FL,23,Debbie Wasserman Schultz,Debbie Wasserman Schultz,D,1,0.9997,64.86,59.84,69.99,,D,1
FL,23,Joe Kaufman,Joe Kaufman,R,0,0.0003,32.1,26.97,37.16,,R,0
FL,23,Others,Others,,0,0,3.04,1.03,5.55,,,0
FL,24,Frederica Wilson,Frederica Wilson,D,1,1,100,100,100,,D,1
FL,25,Mario Diaz-Balart,Mario Diaz-Balart,R,1,0.7252,52.34,47.22,57.51,,R,1
FL,25,Mary Barzee Flores,Mary Barzee Flores,D,0,0.2748,47.66,42.49,52.78,,D,0
FL,26,Debbie Mucarsel-Powell,Debbie Mucarsel-Powell,D,0,0.554,50.44,46.08,54.82,,D,0
FL,26,Carlos Curbelo,Carlos Curbelo,R,1,0.446,49.56,45.18,53.92,,R,1
FL,27,Donna Shalala,Donna Shalala,D,0,0.8422,52.41,47.11,57.73,,D,0
FL,27,Maria Salazar,Maria Salazar,R,0,0.1578,44.41,39.04,49.75,,R,0
FL,27,Mayra Joli,Mayra Joli,N,0,0,3.18,1.08,5.76,,N,0
GA,1,Buddy Carter,Buddy Carter,R,1,0.9983,62.44,57.79,67.16,,R,1
GA,1,Lisa M. Ring,Lisa M. Ring,D,0,0.0017,37.56,32.84,42.21,,D,0
GA,2,Sanford D. Bishop Jr.,Sanford D. Bishop Jr.,D,1,0.9997,65.94,61.12,70.75,,D,1
GA,2,Herman West Jr.,Herman West Jr.,R,0,0.0003,34.06,29.25,38.88,,R,0
GA,3,A. Drew Ferguson,A. Drew Ferguson,R,1,0.9999,68.11,63.41,72.82,,R,1
GA,3,Chuck Enderlin,Chuck Enderlin,D,0,0.0001,31.89,27.18,36.59,,D,0
GA,4,Hank Johnson,Hank Johnson,D,1,1,72.58,67.84,77.36,,D,1
GA,4,Joe Profit,Joe Profit,R,0,0,27.42,22.64,32.16,,R,0
GA,5,John Lewis,John Lewis,D,1,1,100,100,100,,D,1
GA,6,Karen C. Handel,Karen C. Handel,R,1,0.7437,52.11,47.92,56.29,,R,1
GA,6,Lucy McBath,Lucy McBath,D,0,0.2563,47.89,43.71,52.08,,D,0
GA,7,Rob Woodall,Rob Woodall,R,1,0.8638,53.67,49.36,57.92,,R,1
GA,7,Carolyn Bourdeaux,Carolyn Bourdeaux,D,0,0.1362,46.33,42.08,50.64,,D,0
GA,8,Austin Scott,Austin Scott,R,1,1,100,100,100,,R,1
GA,9,Doug Collins,Doug Collins,R,1,1,79.57,74.87,84.27,,R,1
GA,9,Josh McCall,Josh McCall,D,0,0,20.43,15.73,25.13,,D,0
GA,10,Jody Hice,Jody Hice,R,1,1,67.9,63.3,72.51,,R,1
GA,10,Tabitha A. Johnson-Green,Tabitha A. Johnson-Green,D,0,0,32.1,27.49,36.7,,D,0
GA,11,Barry Loudermilk,Barry Loudermilk,R,1,0.9998,66.93,62.12,71.71,,R,1
GA,11,Flynn D. Broady Jr.,Flynn D. Broady Jr.,D,0,0.0002,33.07,28.29,37.88,,D,0
GA,12,Rick Allen,Rick Allen,R,1,0.9877,59.14,54.18,64.01,,R,1
GA,12,Francys Johnson,Francys Johnson,D,0,0.0123,40.86,35.99,45.82,,D,0
GA,13,David Scott,David Scott,D,1,1,75.2,70.54,79.85,,D,1
GA,13,David Callahan,David Callahan,R,0,0,24.8,20.15,29.46,,R,0
GA,14,Tom Graves,Tom Graves,R,1,1,80.18,75.7,84.64,,R,1
GA,14,Steven Lamar Foster,Steven Lamar Foster,D,0,0,19.82,15.36,24.3,,D,0
HI,1,Ed Case,Ed Case,D,0,1,68.57,62.65,74.43,,D,0
HI,1,Cam Cavasso,Cam Cavasso,R,0,0,26.5,20.61,32.35,,R,0
HI,1,Others,Others,,0,0,4.93,1.99,8.37,,,0
HI,2,Tulsi Gabbard,Tulsi Gabbard,D,1,1,79.2,74.27,84.15,,D,1
HI,2,Brian Evans,Brian Evans,R,0,0,20.8,15.85,25.73,,R,0
IA,1,Abby Finkenauer,Abby Finkenauer,D,0,0.9347,53.82,49.16,58.51,,D,0
IA,1,Rod Blum,Rod Blum,R,1,0.0653,43.1,38.33,47.74,,R,1
IA,1,Troy Hageman,Troy Hageman,L,0,0,3.09,1.06,5.6,,L,0
IA,2,David Loebsack,David Loebsack,D,1,0.9902,56.52,51.95,61.08,,D,1
IA,2,Christopher Peters,Christopher Peters,R,0,0.0098,39.59,34.96,44.15,,R,0
IA,2,Others,Others,,0,0,3.88,1.44,6.84,,,0
IA,3,Cindy Axne,Cindy Axne,D,0,0.6894,49.45,44.93,53.95,,D,0
IA,3,David Young,David Young,R,1,0.3106,46.25,41.73,50.72,,R,1
IA,3,Others,Others,,0,0,4.3,1.66,7.48,,,0
IA,4,Steve King,Steve King,R,1,0.8242,51.14,46.8,55.44,,R,1
IA,4,J.D. Scholten,J.D. Scholten,D,0,0.1758,45.29,40.93,49.54,,D,0
IA,4,Others,Others,,0,0,3.57,1.28,6.35,,,0
ID,1,Russ Fulcher,Russ Fulcher,R,0,0.9939,57.99,51.03,64.85,,R,0
ID,1,Cristina McNeil,Cristina McNeil,D,0,0.0061,30.73,23.84,37.65,,D,0
ID,1,Others,Others,,0,0,11.28,6.44,16.66,,,0
ID,2,Mike Simpson,Mike Simpson,R,1,0.9992,63.83,58.83,68.81,,R,1
ID,2,Aaron Swisher,Aaron Swisher,D,0,0.0008,36.17,31.19,41.17,,D,0
IL,1,Bobby L. Rush,Bobby L. Rush,D,1,1,76.4,71.56,81.22,,D,1
IL,1,Thomas Rudbeck,Thomas Rudbeck,I,0,0,3.48,1.23,6.24,,I,0
IL,1,Jimmy Lee Tillman II,Jimmy Lee Tillman II,R,0,0,20.12,15.26,24.95,,R,0
IL,2,Robin Kelly,Robin Kelly,D,1,1,82.02,77.45,86.59,,D,1
IL,2,David Merkle,David Merkle,R,0,0,17.98,13.41,22.55,,R,0
IL,3,Daniel Lipinski,Daniel Lipinski,D,1,0.9999,68.48,63.73,73.25,,D,1
IL,3,Arthur J. Jones,Arthur J. Jones,R,0,0.0001,31.52,26.75,36.27,,R,0
IL,4,"Jesus ""Chuy"" Garcia","Jesus ""Chuy"" Garcia",D,0,1,85.36,80.83,89.91,,D,0
IL,4,Mark Wayne Lorch,Mark Wayne Lorch,R,0,0,14.64,10.09,19.17,,R,0
IL,5,Mike Quigley,Mike Quigley,D,1,1,75.33,70.44,80.29,,D,1
IL,5,Tom Hanson,Tom Hanson,R,0,0,24.67,19.71,29.56,,R,0
IL,6,Peter J. Roskam,Peter J. Roskam,R,1,0.5116,50.12,45.87,54.33,,R,1
IL,6,Sean Casten,Sean Casten,D,0,0.4884,49.88,45.67,54.13,,D,0
IL,7,Danny K. Davis,Danny K. Davis,D,1,1,87.29,83.26,91.32,,D,1
IL,7,Craig Cameron,Craig Cameron,R,0,0,12.71,8.68,16.74,,R,0
IL,8,Raja Krishnamoorthi,Raja Krishnamoorthi,D,1,0.9999,67.53,62.47,72.58,,D,1
IL,8,"Jitendra ""JD"" Diganvker","Jitendra ""JD"" Diganvker",R,0,0.0001,32.47,27.42,37.53,,R,0
IL,9,Jan Schakowsky,Jan Schakowsky,D,1,1,73.22,68.33,78.08,,D,1
IL,9,John D. Elleson,John D. Elleson,R,0,0,26.78,21.92,31.67,,R,0
IL,10,Bradley Schneider,Bradley Schneider,D,1,0.9997,66.74,61.71,71.67,,D,1
IL,10,Douglas R. Bennett,Douglas R. Bennett,R,0,0.0003,33.26,28.33,38.29,,R,0
IL,11,Bill Foster,Bill Foster,D,1,1,67.54,62.62,72.48,,D,1
IL,11,Nick Stella,Nick Stella,R,0,0,32.46,27.52,37.38,,R,0
IL,12,Mike Bost,Mike Bost,R,1,0.7139,50.44,45.76,55.03,,R,1
IL,12,Brendan Kelly,Brendan Kelly,D,0,0.2861,46.56,41.98,51.2,,D,0
IL,12,Randy Auxier,Randy Auxier,G,0,0,2.99,1,5.47,,G,0
IL,13,Rodney Davis,Rodney Davis,R,1,0.7204,51.81,47.72,55.94,,R,1
IL,13,Betsy Dirksen Londrigan,Betsy Dirksen Londrigan,D,0,0.2796,48.19,44.06,52.28,,D,0
IL,14,Randy Hultgren,Randy Hultgren,R,1,0.6074,50.87,46.61,55.11,,R,1
IL,14,Lauren Underwood,Lauren Underwood,D,0,0.3926,49.13,44.89,53.39,,D,0
IL,15,John Shimkus,John Shimkus,R,1,0.9999,69.69,64.55,74.76,,R,1
IL,15,Kevin Gaither,Kevin Gaither,D,0,0.0001,30.31,25.24,35.45,,D,0
IL,16,Adam Kinzinger,Adam Kinzinger,R,1,0.991,57.9,53.86,61.88,,R,1
IL,16,Sara Dady,Sara Dady,D,0,0.009,42.1,38.12,46.14,,D,0
IL,17,Cheri Bustos,Cheri Bustos,D,1,0.9995,65.13,60.43,69.81,,D,1
IL,17,William W. Fawell,William W. Fawell,R,0,0.0005,34.87,30.19,39.57,,R,0
IL,18,Darin LaHood,Darin LaHood,R,1,0.9999,67.42,62.67,72.08,,R,1
IL,18,Junius Rodriguez,Junius Rodriguez,D,0,0.0001,32.58,27.92,37.33,,D,0
IN,1,Peter Visclosky,Peter Visclosky,D,1,1,69.43,64.67,74.19,,D,1
IN,1,Mark Leyva,Mark Leyva,R,0,0,30.57,25.81,35.33,,R,0
IN,2,Jackie Walorski,Jackie Walorski,R,1,0.958,56.87,51.95,61.78,,R,1
IN,2,Mel Hall,Mel Hall,D,0,0.042,43.13,38.22,48.05,,D,0
IN,3,Jim Banks,Jim Banks,R,1,0.9972,61.09,56.52,65.61,,R,1
IN,3,Courtney Tritch,Courtney Tritch,D,0,0.0028,38.91,34.39,43.48,,D,0
IN,4,Jim Baird,Jim Baird,R,0,0.998,62.54,57.74,67.29,,R,0
IN,4,Tobi Beck,Tobi Beck,D,0,0.002,37.46,32.71,42.26,,D,0
IN,5,Susan W. Brooks,Susan W. Brooks,R,1,0.9608,56,51.74,60.26,,R,1
IN,5,Dee Thornton,Dee Thornton,D,0,0.0392,44,39.74,48.26,,D,0
IN,6,Greg Pence,Greg Pence,R,0,0.9996,63.31,58.1,68.4,,R,0
IN,6,Jeannine Lee Lake,Jeannine Lee Lake,D,0,0.0004,32.8,27.68,37.94,,D,0
IN,6,Tom Ferkinhoff,Tom Ferkinhoff,L,0,0,3.89,1.45,6.81,,L,0
IN,7,André Carson,André Carson,D,1,1,69.12,64.43,73.9,,D,1
IN,7,"Wayne ""Gunny"" Harmon","Wayne ""Gunny"" Harmon",R,0,0,30.88,26.1,35.57,,R,0
IN,8,Larry Bucshon,Larry Bucshon,R,1,0.9959,61.17,56.33,66.07,,R,1
IN,8,William Tanoos,William Tanoos,D,0,0.0041,38.83,33.93,43.67,,D,0
IN,9,Trey Hollingsworth,Trey Hollingsworth,R,1,0.8261,52.81,48.94,56.65,,R,1
IN,9,Liz Watson,Liz Watson,D,0,0.1739,47.19,43.35,51.06,,D,0
KS,1,Roger Marshall,Roger Marshall,R,1,0.9987,64.22,59.06,69.36,,R,1
KS,1,Alan LaPolice,Alan LaPolice,D,0,0.0013,35.78,30.64,40.94,,D,0
KS,2,Paul Davis,Paul Davis,D,0,0.6215,48.83,44.41,53.2,,D,0
KS,2,Steve Watkins,Steve Watkins,R,0,0.3785,46.91,42.49,51.29,,R,0
KS,2,Kelly Standley,Kelly Standley,L,0,0,4.26,1.64,7.36,,L,0
KS,3,Sharice Davids,Sharice Davids,D,0,0.8458,51.83,47.4,56.2,,D,0
KS,3,Kevin Yoder,Kevin Yoder,R,1,0.1542,45.21,40.83,49.6,,R,1
KS,3,Chris Clemmons,Chris Clemmons,L,0,0,2.96,0.98,5.44,,L,0
KS,4,Ron Estes,Ron Estes,R,1,0.9929,59.69,54.98,64.4,,R,1
KS,4,James A. Thompson,James A. Thompson,D,0,0.0071,40.31,35.6,45.03,,D,0
KY,1,James Comer,James Comer,R,1,1,69.07,64.06,73.95,,R,1
KY,1,Paul Walker,Paul Walker,D,0,0,30.93,26.05,35.94,,D,0
KY,2,Brett S. Guthrie,Brett S. Guthrie,R,1,0.9992,62.23,57.24,67.17,,R,1
KY,2,Hank Linderman,Hank Linderman,D,0,0.0008,34.73,29.74,39.65,,D,0
KY,2,Thomas Loecken,Thomas Loecken,I,0,0,3.04,1.03,5.54,,I,0
KY,3,John A. Yarmuth,John A. Yarmuth,D,1,0.9986,60.83,56.05,65.64,,D,1
KY,3,Vickie Glisson,Vickie Glisson,R,0,0.0014,36.25,31.43,41,,R,0
KY,3,Gregory Boles,Gregory Boles,L,0,0,2.92,0.96,5.34,,L,0
KY,4,Thomas Massie,Thomas Massie,R,1,0.9995,63.6,58.75,68.35,,R,1
KY,4,Seth Hall,Seth Hall,D,0,0.0004,33.38,28.55,38.2,,D,0
KY,4,Mike Moffett,Mike Moffett,I,0,0,3.02,1.02,5.49,,I,0
KY,5,Harold Rogers,Harold Rogers,R,1,1,75.3,69.84,80.74,,R,1
KY,5,Kenneth S. Stepp,Kenneth S. Stepp,D,0,0,24.7,19.26,30.16,,D,0
KY,6,Amy McGrath,Amy McGrath,D,0,0.5139,48.64,44.61,52.57,,D,0
KY,6,Andy Barr,Andy Barr,R,1,0.4861,48.44,44.5,52.4,,R,1
KY,6,Others,Others,,0,0,2.91,0.96,5.32,,,0
LA,1,Steve Scalise,Steve Scalise,R,1,1,68.81,61.27,76.95,,R,1
LA,1,Jim Francis,Jim Francis,D,0,0,8.23,4.01,12.67,,D,0
LA,1,Tammy M. Savoie,Tammy M. Savoie,D,0,0,12.92,7.55,18.25,,D,0
LA,1,Lee Ann Dugas,Lee Ann Dugas,D,0,0,6.93,3.19,11.03,,D,0
LA,1,Others,Others,,0,0,3.11,1.06,5.62,,,0
LA,2,Cedric Richmond,Cedric Richmond,D,1,1,85.17,78.68,91.17,,D,1
LA,2,Others,Others,,0,0,14.83,8.83,21.32,,,0
LA,3,Clay Higgins,Clay Higgins,R,1,0.9956,54.93,47.31,63.16,,R,1
LA,3,Josh Guillory,Josh Guillory,R,0,0.0038,12.02,7.2,16.97,,R,0
LA,3,Mimi Methvin,Mimi Methvin,D,0,0.0003,13.75,7.95,19.63,,D,0
LA,3,Aaron Andrus,Aaron Andrus,L,0,0.0002,4.12,1.57,7.19,,L,0
LA,3,Rob Anderson,Rob Anderson,D,0,0.0001,8.57,4.16,13.32,,D,0
LA,3,Larry Rader,Larry Rader,D,0,0,4.29,1.57,7.45,,D,0
LA,3,Verone Thomas,Verone Thomas,D,0,0,2.32,0.66,4.41,,D,0
LA,4,Mike Johnson,Mike Johnson,R,1,0.9994,62.48,57.36,67.59,,R,1
LA,4,Ryan Trundle,Ryan Trundle,D,0,0.0006,34.76,29.61,39.83,,D,0
LA,4,Mark Halverson,Mark Halverson,I,0,0,2.76,0.89,5.1,,I,0
LA,5,Ralph Abraham,Ralph Abraham,R,1,0.9997,64.07,59.02,69.12,,R,1
LA,5,Jessee Carlton Fleenor,Jessee Carlton Fleenor,D,0,0.0003,32.78,27.71,37.8,,D,0
LA,5,Others,Others,,0,0,3.15,1.08,5.69,,,0
LA,6,Justin DeWitt,Justin DeWitt,D,0,0.0001,19.03,12.91,24.85,,D,0
LA,6,Andie Saizan,Andie Saizan,D,0,0,12.77,7.54,17.98,,D,0
LA,6,Devin Lance Graham,Devin Lance Graham,I,0,0,2.51,0.79,4.68,,I,0
MA,1,Richard E. Neal,Richard E. Neal,D,1,1,100,100,100,,D,1
MA,2,James McGovern,James McGovern,D,1,1,71.05,66.11,75.99,,D,1
MA,2,Tracy Lovvorn,Tracy Lovvorn,R,0,0,28.95,24.01,33.89,,R,0
MA,3,Lori Trahan,Lori Trahan,D,0,0.9995,63.97,58.72,69.29,,D,0
MA,3,Rick Green,Rick Green,R,0,0.0005,32.19,26.87,37.4,,R,0
MA,3,Michael P. Mullen,Michael P. Mullen,I,0,0,3.84,1.41,6.78,,I,0
MA,4,Joseph P. Kennedy III,Joseph P. Kennedy III,D,1,1,100,100,100,,D,1
MA,5,Katherine Clark,Katherine Clark,D,1,1,76.65,71.63,81.71,,D,1
MA,5,John Hugo,John Hugo,R,0,0,23.35,18.29,28.37,,R,0
MA,6,Seth Moulton,Seth Moulton,D,1,0.9998,66.82,61.42,72.29,,D,1
MA,6,Joseph S. Schneider,Joseph S. Schneider,R,0,0.0002,29.93,24.52,35.3,,R,0
MA,6,Mary Jean Charbonneau,Mary Jean Charbonneau,I,0,0,3.25,1.12,5.86,,I,0
MA,7,Ayanna Pressley,Ayanna Pressley,D,0,1,100,100,100,,D,0
MA,8,Stephen F. Lynch,Stephen F. Lynch,D,1,1,100,100,100,,D,1
MA,9,William Keating,William Keating,D,1,0.9969,62.09,57.04,67.22,,D,1
MA,9,Peter D. Tedeschi,Peter D. Tedeschi,R,0,0.0031,37.91,32.78,42.96,,R,0
MD,1,Andy Harris,Andy Harris,R,1,0.9893,58.13,52.85,63.28,,R,1
MD,1,Jesse Colvin,Jesse Colvin,D,0,0.0106,38.63,33.39,43.88,,D,0
MD,1,Jenica Martin,Jenica Martin,L,0,0.0001,3.24,1.11,5.84,,L,0
MD,2,C. A. Dutch Ruppersberger,C. A. Dutch Ruppersberger,D,1,1,67.25,62.21,72.22,,D,1
MD,2,Liz Matory,Liz Matory,R,0,0,29.21,24.2,34.23,,R,0
MD,2,Others,Others,,0,0,3.54,1.27,6.31,,,0
MD,3,John P. Sarbanes,John P. Sarbanes,D,1,1,68.18,63.15,73.24,,D,1
MD,3,David Lashar,David Lashar,L,0,0,3.18,1.09,5.71,,L,0
MD,3,Charles Anthony,Charles Anthony,R,0,0,28.64,23.54,33.61,,R,0
MD,4,Anthony Brown,Anthony Brown,D,1,1,78.43,73.63,83.16,,D,1
MD,4,David Bishop,David Bishop,L,0,0,3.48,1.22,6.24,,L,0
MD,4,George McDermott,George McDermott,R,0,0,18.09,13.34,22.81,,R,0
MD,5,Steny H. Hoyer,Steny H. Hoyer,D,1,1,70.4,65.53,75.28,,D,1
MD,5,William A. Devine III,William A. Devine III,R,0,0,25.99,21.09,30.84,,R,0
MD,5,Others,Others,,0,0,3.62,1.29,6.42,,,0
MD,6,David Trone,David Trone,D,0,0.9941,57.96,52.94,62.97,,D,0
MD,6,Amie Hoeber,Amie Hoeber,R,0,0.0059,38.05,33.06,43,,R,0
MD,6,Others,Others,,0,0,3.98,1.5,6.99,,,0
MD,7,Elijah Cummings,Elijah Cummings,D,1,1,76.92,72.11,81.75,,D,1
MD,7,David Griggs,David Griggs,L,0,0,3.45,1.21,6.18,,L,0
MD,7,Richmond Davis,Richmond Davis,R,0,0,19.63,14.77,24.41,,R,0
MD,8,Jamie Raskin,Jamie Raskin,D,1,1,69.02,63.95,74.02,,D,1
MD,8,Jasen Wunder,Jasen Wunder,L,0,0,3.22,1.11,5.79,,L,0
MD,8,John Walsh,John Walsh,R,0,0,27.76,22.75,32.82,,R,0
ME,1,Chellie Pingree,Chellie Pingree,D,1,0.9995,61.34,56.75,65.87,,D,1
ME,1,Mark Holbrook,Mark Holbrook,R,0,0.0005,35.36,30.8,39.92,,R,0
ME,1,Marty Grohman,Marty Grohman,I,0,0,3.3,1.15,5.94,,I,0
ME,2,Jared Golden,Jared Golden,D,0,0.6308,49.36,44.73,54,,D,0
ME,2,Bruce Poliquin,Bruce Poliquin,R,1,0.3692,47.08,42.37,51.72,,R,1
ME,2,Others,Others,,0,0,3.56,1.28,6.37,,,0
MI,1,Jack Bergman,Jack Bergman,R,1,0.9225,54.95,50.49,59.38,,R,1
MI,1,Matt Morgan,Matt Morgan,D,0,0.0775,45.05,40.62,49.51,,D,0
MI,2,Bill Huizenga,Bill Huizenga,R,1,0.9353,53.66,49.36,57.86,,R,1
MI,2,Rob Davidson,Rob Davidson,D,0,0.0647,43.81,39.56,48.05,,D,0
MI,2,Ronald E. Graeser,Ronald E. Graeser,U,0,0,2.54,0.78,4.71,,U,0
MI,3,Justin Amash,Justin Amash,R,1,0.9798,56.72,51.69,61.66,,R,1
MI,3,Cathy Albro,Cathy Albro,D,0,0.0202,40.4,35.39,45.39,,D,0
MI,3,Ted Gerrard,Ted Gerrard,U,0,0,2.89,0.95,5.29,,U,0
MI,4,John Moolenaar,John Moolenaar,R,1,0.9983,63.26,58.15,68.41,,R,1
MI,4,Jerry Hilliard,Jerry Hilliard,D,0,0.0017,36.74,31.59,41.85,,D,0
MI,5,Daniel Kildee,Daniel Kildee,D,1,0.9996,65.05,59.86,70.25,,D,1
MI,5,Travis Wines,Travis Wines,R,0,0.0004,32.08,26.86,37.24,,R,0
MI,5,Kathy Goodwin,Kathy Goodwin,W,0,0,2.87,0.94,5.27,,W,0
MI,6,Fred Upton,Fred Upton,R,1,0.8238,51.6,47.35,55.79,,R,1
MI,6,Matt Longjohn,Matt Longjohn,D,0,0.1762,45.8,41.58,50.01,,D,0
MI,6,Stephen J. Young,Stephen J. Young,U,0,0,2.6,0.82,4.85,,U,0
MI,7,Tim Walberg,Tim Walberg,R,1,0.5867,50.77,46.01,55.62,,R,1
MI,7,Gretchen Driskell,Gretchen Driskell,D,0,0.4133,49.23,44.38,53.99,,D,0
MI,8,Elissa Slotkin,Elissa Slotkin,D,0,0.5003,48.48,44.19,52.76,,D,0
MI,8,Mike Bishop,Mike Bishop,R,1,0.4997,48.51,44.15,52.8,,R,1
MI,8,Others,Others,,0,0,3.01,1.01,5.5,,,0
MI,9,Andy Levin,Andy Levin,D,0,0.9951,59.18,54.07,64.23,,D,0
MI,9,Candius Stearns,Candius Stearns,R,0,0.0049,37.06,31.93,42.11,,R,0
MI,9,Others,Others,,0,0,3.76,1.39,6.65,,,0
MI,10,Paul Mitchell,Paul Mitchell,R,1,0.9988,62.16,56.94,67.29,,R,1
MI,10,Kimberly Bizon,Kimberly Bizon,D,0,0.0012,34.42,29.22,39.6,,D,0
MI,10,Others,Others,,0,0,3.41,1.21,6.1,,,0
MI,11,Haley Stevens,Haley Stevens,D,0,0.7781,50.36,46.04,54.62,,D,0
MI,11,Lena Epstein,Lena Epstein,R,0,0.2219,45.66,41.34,49.9,,R,0
MI,11,Others,Others,,0,0,3.99,1.49,6.99,,,0
MI,12,Debbie Dingell,Debbie Dingell,D,1,1,69.5,64.56,74.44,,D,1
MI,12,Jeff Jones,Jeff Jones,R,0,0,27.08,22.11,31.96,,R,0
MI,12,Others,Others,,0,0,3.41,1.2,6.12,,,0
MI,13,Rashida Tlaib,Rashida Tlaib,D,0,1,85.71,79.35,91.59,,D,0
MI,13,Others,Others,,0,0,14.29,8.41,20.65,,,0
MI,14,Brenda Lawrence,Brenda Lawrence,D,1,1,80.21,75.34,85.06,,D,1
MI,14,Philip Kolody,Philip Kolody,W,0,0,3.36,1.17,6.02,,W,0
MI,14,Marc S. Herschfus,Marc S. Herschfus,R,0,0,16.43,11.59,21.28,,R,0
MN,1,Dan Feehan,Dan Feehan,D,0,0.541,50.32,46.27,54.34,,D,0
MN,1,Jim Hagedorn,Jim Hagedorn,R,0,0.459,49.68,45.66,53.73,,R,0
MN,2,Angie Craig,Angie Craig,D,0,0.8568,53.12,49.35,56.91,,D,0
MN,2,Jason Lewis,Jason Lewis,R,1,0.1432,46.88,43.09,50.65,,R,1
MN,3,Dean Phillips,Dean Phillips,D,0,0.8398,52.98,49.08,56.85,,D,0
MN,3,Erik Paulsen,Erik Paulsen,R,1,0.1602,47.02,43.15,50.92,,R,1
MN,4,Betty McCollum,Betty McCollum,D,1,1,67.44,62.31,72.56,,D,1
MN,4,Susan Pendergast Sindt,Susan Pendergast Sindt,L,0,0,3.69,1.34,6.54,,L,0
MN,4,Greg Ryan,Greg Ryan,R,0,0,28.88,23.73,33.94,,R,0
MN,5,Ilhan Omar,Ilhan Omar,D,0,1,80.53,75.99,85.09,,D,0
MN,5,Jennifer Zielinski,Jennifer Zielinski,R,0,0,19.47,14.91,24.01,,R,0
MN,6,Tom Emmer,Tom Emmer,R,1,0.9989,63.3,58.53,68.05,,R,1
MN,6,Ian Todd,Ian Todd,D,0,0.0011,36.7,31.95,41.47,,D,0
MN,7,Collin C. Peterson,Collin C. Peterson,D,1,0.9288,55.45,50.72,60.15,,D,1
MN,7,Dave Hughes,Dave Hughes,R,0,0.0712,44.55,39.85,49.28,,R,0
MN,8,Pete Stauber,Pete Stauber,R,0,0.8035,51.14,45.92,56.29,,R,0
MN,8,Joe Radinovich,Joe Radinovich,D,0,0.1965,44.61,39.42,49.81,,D,0
MN,8,Ray Skip Sandman,Ray Skip Sandman,I,0,0,4.26,1.65,7.38,,I,0
MO,1,"William ""Lacy"" Clay Jr.","William ""Lacy"" Clay Jr.",D,1,1,78.57,73.66,83.47,,D,1
MO,1,Robb Cunningham,Robb Cunningham,L,0,0,3.49,1.24,6.24,,L,0
MO,1,Robert Vroman,Robert Vroman,R,0,0,17.94,13.08,22.84,,R,0
MO,2,Ann Wagner,Ann Wagner,R,1,0.8353,51.47,47.15,55.77,,R,1
MO,2,Cort VanOstran,Cort VanOstran,D,0,0.1647,45.29,40.99,49.58,,D,0
MO,2,Others,Others,,0,0,3.24,1.11,5.83,,,0
MO,3,Blaine Luetkemeyer,Blaine Luetkemeyer,R,1,0.9999,66.38,61.42,71.28,,R,1
MO,3,Katy Geppert,Katy Geppert,D,0,0.0001,30.31,25.38,35.23,,D,0
MO,3,Donald Stolle,Donald Stolle,L,0,0,3.31,1.14,5.93,,L,0
MO,4,Vicky Hartzler,Vicky Hartzler,R,1,0.9996,62.55,57.7,67.39,,R,1
MO,4,Renee Hoagenson,Renee Hoagenson,D,0,0.0004,34.16,29.31,38.95,,D,0
MO,4,Mark Bliss,Mark Bliss,L,0,0,3.28,1.14,5.9,,L,0
MO,5,Emanuel Cleaver,Emanuel Cleaver,D,1,0.9994,62.44,57.47,67.46,,D,1
MO,5,Jacob Turk,Jacob Turk,R,0,0.0006,33.78,28.73,38.7,,R,0
MO,5,Others,Others,,0,0,3.78,1.39,6.67,,,0
MO,6,Sam Graves,Sam Graves,R,1,0.9997,64.54,59.55,69.5,,R,1
MO,6,Henry Robert Martin,Henry Robert Martin,D,0,0.0002,32.22,27.21,37.13,,D,0
MO,6,Dan Hogan,Dan Hogan,L,0,0,3.24,1.12,5.82,,L,0
MO,7,Billy Long,Billy Long,R,1,1,67.72,62.82,72.62,,R,1
MO,7,Jamie Daniel Schoolcraft,Jamie Daniel Schoolcraft,D,0,0,28.89,23.97,33.79,,D,0
MO,7,Benjamin Brixey,Benjamin Brixey,L,0,0,3.39,1.2,6.07,,L,0
MO,8,Jason Smith,Jason Smith,R,1,1,69.21,63.73,74.56,,R,1
MO,8,Kathy Ellis,Kathy Ellis,D,0,0,27.35,21.97,32.79,,D,0
MO,8,Jonathan Shell,Jonathan Shell,L,0,0,3.44,1.22,6.13,,L,0
MS,1,Trent Kelly,Trent Kelly,R,1,0.9995,62.04,57.44,66.62,,R,1
MS,1,Randy Wadkins,Randy Wadkins,D,0,0.0005,35.21,30.63,39.81,,D,0
MS,1,Tracella Lou O'Hara Hill,Tracella Lou O'Hara Hill,R,0,0,2.75,0.89,5.05,,R,0
MS,2,Bennie G. Thompson,Bennie G. Thompson,D,1,1,75.59,70.74,80.4,,D,1
MS,2,Irving Harris,Irving Harris,R,0,0,21.87,17,26.69,,R,0
MS,2,Others,Others,,0,0,2.54,0.69,4.91,,,0
MS,3,Michael Guest,Michael Guest,R,0,0.9961,58.96,54.09,63.78,,R,0
MS,3,Michael Ted Evans,Michael Ted Evans,D,0,0.0039,37.7,32.84,42.52,,D,0
MS,3,Matthew Holland,Matthew Holland,R,0,0,3.34,1.17,5.99,,R,0
MS,4,Steven Palazzo,Steven Palazzo,R,1,0.9955,59.4,54.47,64.33,,R,1
MS,4,Jeramey Anderson,Jeramey Anderson,D,0,0.0045,38.09,33.16,43,,D,0
MS,4,Lajena Sheets,Lajena Sheets,R,0,0,2.51,0.78,4.66,,R,0
MT,1,Greg Gianforte,Greg Gianforte,R,1,0.638,49.42,45.19,53.63,,R,1
MT,1,Kathleen Williams,Kathleen Williams,D,0,0.362,47.28,43.06,51.43,,D,0
MT,1,Elinor Swanson,Elinor Swanson,L,0,0,3.3,1.14,5.93,,L,0
NC,1,G.K. Butterfield,G.K. Butterfield,D,1,1,72.4,67.63,77.22,,D,1
NC,1,Roger Allison,Roger Allison,R,0,0,27.6,22.78,32.37,,R,0
NC,2,George Holding,George Holding,R,1,0.846,52,47.71,56.2,,R,1
NC,2,Linda Coleman,Linda Coleman,D,0,0.154,45.47,41.21,49.77,,D,0
NC,2,Jeff Matemu,Jeff Matemu,L,0,0,2.53,0.78,4.73,,L,0
NC,3,Walter B. Jones,Walter B. Jones,R,1,1,100,100,100,,R,1
NC,4,David Price,David Price,D,1,1,74.69,69.89,79.48,,D,1
NC,4,Barbara Howe,Barbara Howe,L,0,0,2.87,0.95,5.25,,L,0
NC,4,Steve Von Loor,Steve Von Loor,R,0,0,22.44,17.66,27.22,,R,0
NC,5,Virginia Foxx,Virginia Foxx,R,1,0.9591,56.87,51.92,61.8,,R,1
NC,5,DD Adams,DD Adams,D,0,0.0409,43.13,38.2,48.08,,D,0
NC,6,Mark Walker,Mark Walker,R,1,0.8664,54.25,49.27,59.22,,R,1
NC,6,Ryan Watts,Ryan Watts,D,0,0.1336,45.75,40.78,50.73,,D,0
NC,7,David Rouzer,David Rouzer,R,1,0.8124,51.69,46.91,56.35,,R,1
NC,7,Kyle Horton,Kyle Horton,D,0,0.1876,45.43,40.68,50.2,,D,0
NC,7,David Fallin,David Fallin,C,0,0,2.88,0.94,5.27,,C,0
NC,8,Richard Hudson,Richard Hudson,R,1,0.8738,54.25,49.47,59.03,,R,1
NC,8,Frank McNeill,Frank McNeill,D,0,0.1262,45.75,40.97,50.53,,D,0
NC,9,Mark Harris,Mark Harris,R,0,0.5314,48.73,44.82,52.64,,R,0
NC,9,Dan McCready,Dan McCready,D,0,0.4686,48.28,44.32,52.17,,D,0
NC,9,Jeff Scott,Jeff Scott,L,0,0,2.99,1,5.49,,L,0
NC,10,Patrick T. McHenry,Patrick T. McHenry,R,1,0.9978,61.97,57.19,66.69,,R,1
NC,10,David Brown,David Brown,D,0,0.0022,38.03,33.31,42.81,,D,0
NC,11,Mark Meadows,Mark Meadows,R,1,0.9971,60.31,55.25,65.31,,R,1
NC,11,Phillip G. Price,Phillip G. Price,D,0,0.0029,36.88,31.83,41.92,,D,0
NC,11,Clifton Ingram Jr.,Clifton Ingram Jr.,L,0,0,2.81,0.91,5.19,,L,0
NC,12,Alma Adams,Alma Adams,D,1,1,72.61,67.91,77.32,,D,1
NC,12,Paul Wright,Paul Wright,R,0,0,27.39,22.68,32.09,,R,0
NC,13,Ted Budd,Ted Budd,R,1,0.6747,49.89,45.68,54.07,,R,1
NC,13,Kathy Manning,Kathy Manning,D,0,0.3253,47.12,42.87,51.32,,D,0
NC,13,Others,Others,,0,0,2.98,0.99,5.42,,,0
ND,1,Kelly Armstrong,Kelly Armstrong,R,0,0.9983,58.11,53.69,62.47,,R,0
ND,1,Mac Schneider,Mac Schneider,D,0,0.0017,37.39,32.95,41.78,,D,0
ND,1,Charles Tuttle,Charles Tuttle,I,0,0,4.5,1.78,7.77,,I,0
NE,1,Jeff Fortenberry,Jeff Fortenberry,R,1,0.9975,60.69,56.32,65.07,,R,1
NE,1,Jessica McClure,Jessica McClure,D,0,0.0025,39.31,34.93,43.68,,D,0
NE,2,Don Bacon,Don Bacon,R,1,0.5825,50.75,46.15,55.34,,R,1
NE,2,Kara Eastman,Kara Eastman,D,0,0.4175,49.25,44.66,53.85,,D,0
NE,3,Adrian Smith,Adrian Smith,R,1,1,71.97,67.03,76.9,,R,1
NE,3,Paul Theobald,Paul Theobald,D,0,0,28.03,23.1,32.97,,D,0
NH,1,Chris Pappas,Chris Pappas,D,0,0.8406,51.19,46.7,55.61,,D,0
NH,1,Eddie Edwards,Eddie Edwards,R,0,0.1594,44.76,40.32,49.19,,R,0
NH,1,Others,Others,,0,0,4.05,1.54,7.06,,,0
NH,2,Ann Kuster,Ann Kuster,D,1,0.9939,56.79,52.44,61.13,,D,1
NH,2,Steven Negron,Steven Negron,R,0,0.0061,39.68,35.29,43.96,,R,0
NH,2,Others,Others,,0,0,3.53,1.25,6.29,,,0
NJ,1,Donald Norcross,Donald Norcross,D,1,0.9999,67.29,62.28,72.23,,D,1
NJ,1,Paul E. Dilks,Paul E. Dilks,R,0,0.0001,29.25,24.27,34.21,,R,0
NJ,1,Others,Others,,0,0,3.46,1.23,6.19,,,0
NJ,2,Jeff Van Drew,Jeff Van Drew,D,0,0.9795,55.35,50.72,59.97,,D,0
NJ,2,Seth Grossman,Seth Grossman,R,0,0.0205,40.96,36.3,45.5,,R,0
NJ,2,Others,Others,,0,0,3.7,1.34,6.56,,,0
NJ,3,Andy Kim,Andy Kim,D,0,0.5515,49.17,45.23,53.12,,D,0
NJ,3,Tom MacArthur,Tom MacArthur,R,1,0.4485,48.42,44.43,52.33,,R,1
NJ,3,Lawrence Berlinski Jr.,Lawrence Berlinski Jr.,C,0,0,2.42,0.74,4.56,,C,0
NJ,4,Chris Smith,Chris Smith,R,1,0.9287,53.66,48.47,58.78,,R,1
NJ,4,Joshua Welle,Joshua Welle,D,0,0.0713,42.35,37.21,47.44,,D,0
NJ,4,Others,Others,,0,0,3.99,1.5,7,,,0
NJ,5,Josh Gottheimer,Josh Gottheimer,D,1,0.985,57.19,52.06,62.28,,D,1
NJ,5,John J. McCann Jr.,John J. McCann Jr.,R,0,0.015,39.6,34.52,44.64,,R,0
NJ,5,Others,Others,,0,0,3.21,1.1,5.81,,,0
NJ,6,Frank Pallone Jr.,Frank Pallone Jr.,D,1,0.9999,68.32,63.43,73.23,,D,1
NJ,6,Richard J. Pezzullo,Richard J. Pezzullo,R,0,0.0001,31.68,26.77,36.57,,R,0
NJ,7,Tom Malinowski,Tom Malinowski,D,0,0.7719,51.08,46.55,55.53,,D,0
NJ,7,Leonard Lance,Leonard Lance,R,1,0.2281,46.07,41.6,50.56,,R,1
NJ,7,Others,Others,,0,0,2.85,0.93,5.23,,,0
NJ,8,Albio Sires,Albio Sires,D,1,1,78.61,73.54,83.68,,D,1
NJ,8,John R. Muniz,John R. Muniz,R,0,0,17.98,12.86,23.03,,R,0
NJ,8,Others,Others,,0,0,3.41,1.19,6.13,,,0
NJ,9,Bill Pascrell Jr.,Bill Pascrell Jr.,D,1,1,72.03,66.95,77.13,,D,1
NJ,9,Claudio Belusic,Claudio Belusic,L,0,0,2.84,0.93,5.21,,L,0
NJ,9,Eric P. Fisher,Eric P. Fisher,R,0,0,25.13,19.98,30.19,,R,0
NJ,10,Donald Payne Jr.,Donald Payne Jr.,D,1,1,84.63,80.04,89.17,,D,1
NJ,10,Agha Khan,Agha Khan,R,0,0,11.38,6.8,15.92,,R,0
NJ,10,Others,Others,,0,0,3.98,1.5,6.98,,,0
NJ,11,Mikie Sherrill,Mikie Sherrill,D,0,0.8475,51.96,47.26,56.64,,D,0
NJ,11,Jay Webber,Jay Webber,R,0,0.1525,44.79,40.08,49.47,,R,0
NJ,11,Others,Others,,0,0,3.25,1.11,5.89,,,0
NJ,12,Bonnie Watson Coleman,Bonnie Watson Coleman,D,1,1,71.86,67.01,76.68,,D,1
NJ,12,Daryl Kipnis,Daryl Kipnis,R,0,0,28.14,23.32,32.99,,R,0
NM,1,Debra A. Haaland,Debra A. Haaland,D,0,0.9806,55.2,50.47,59.92,,D,0
NM,1,Janice E. Arnold-Jones,Janice E. Arnold-Jones,R,0,0.0194,40.28,35.53,44.99,,R,0
NM,1,Lloyd Princeton,Lloyd Princeton,L,0,0,4.51,1.78,7.78,,L,0
NM,2,Yvette Herrell,Yvette Herrell,R,0,0.5667,50.55,46.44,54.6,,R,0
NM,2,Xochitl Torres Small,Xochitl Torres Small,D,0,0.4333,49.45,45.4,53.56,,D,0
NM,3,Ben R. Lujan,Ben R. Lujan,D,1,0.9996,61.15,56.47,65.78,,D,1
NM,3,Jerald Steve McFall,Jerald Steve McFall,R,0,0.0004,34.7,30.03,39.33,,R,0
NM,3,Christopher Manning,Christopher Manning,L,0,0,4.14,1.59,7.24,,L,0
NV,1,Dina Titus,Dina Titus,D,1,0.9998,66.21,60.61,71.87,,D,1
NV,1,Joyce Bentley,Joyce Bentley,R,0,0.0002,28.87,23.18,34.47,,R,0
NV,1,Others,Others,,0,0,4.92,2.01,8.37,,,0
NV,2,Mark Amodei,Mark Amodei,R,1,0.9471,57.61,51.72,63.52,,R,1
NV,2,Clint Koble,Clint Koble,D,0,0.0529,42.39,36.48,48.28,,D,0
NV,3,Susie Lee,Susie Lee,D,0,0.7482,49.37,44.6,54.08,,D,0
NV,3,Danny Tarkanian,Danny Tarkanian,R,0,0.2518,44.95,40.2,49.66,,R,0
NV,3,Others,Others,,0,0,5.67,2.45,9.47,,,0
NV,4,Steven A. Horsford,Steven A. Horsford,D,0,0.8299,50.76,45.29,56.24,,D,0
NV,4,Cresent Hardy,Cresent Hardy,R,0,0.1701,43.34,37.82,48.72,,R,0
NV,4,Others,Others,,0,0,5.9,2.6,9.79,,,0
NY,1,Lee Zeldin,Lee Zeldin,R,1,0.9294,53.53,49.08,57.94,,R,1
NY,1,Perry Gershon,Perry Gershon,D,0,0.0706,43.63,39.24,48.05,,D,0
NY,1,Others,Others,,0,0,2.84,0.92,5.2,,,0
NY,2,Pete King,Pete King,R,1,0.7267,52.33,47.23,57.39,,R,1
NY,2,Liuba Grechen Shirley,Liuba Grechen Shirley,D,0,0.2733,47.67,42.61,52.77,,D,0
NY,3,Thomas Suozzi,Thomas Suozzi,D,1,0.9964,61.76,56.57,66.92,,D,1
NY,3,Dan DeBono,Dan DeBono,R,0,0.0036,38.24,33.08,43.43,,R,0
NY,4,Kathleen Rice,Kathleen Rice,D,1,0.9996,65.56,60.49,70.65,,D,1
NY,4,Ameer Benno,Ameer Benno,R,0,0.0004,34.44,29.35,39.51,,R,0
NY,5,Gregory W. Meeks,Gregory W. Meeks,D,1,1,100,100,100,,D,1
NY,6,Grace Meng,Grace Meng,D,1,0.9999,84.47,77.88,90.6,,D,1
NY,6,Tom Hillgardner,Tom Hillgardner,G,0,0.0001,15.53,9.4,22.12,,G,0
NY,7,Nydia M. Velázquez,Nydia M. Velázquez,D,1,1,89.81,84.22,94.82,,D,1
NY,7,Others,Others,,0,0,10.19,5.18,15.78,,,0
NY,8,Hakeem Jeffries,Hakeem Jeffries,D,1,1,89.36,83.59,94.48,,D,1
NY,8,Others,Others,,0,0,10.64,5.52,16.41,,,0
NY,9,Yvette D. Clarke,Yvette D. Clarke,D,1,1,83.6,78.94,88.25,,D,1
NY,9,Joel Anabilah-Azumah,Joel Anabilah-Azumah,R,0,0,3.29,1.14,5.9,,R,0
NY,9,Lutchi Gayot,Lutchi Gayot,R,0,0,13.11,8.44,17.71,,R,0
NY,10,Jerrold Nadler,Jerrold Nadler,D,1,1,80.3,75.17,85.44,,D,1
NY,10,Naomi Levin,Naomi Levin,R,0,0,19.7,14.56,24.83,,R,0
NY,11,Daniel Donovan,Daniel Donovan,R,1,0.7595,50.96,46.42,55.46,,R,1
NY,11,Max N. Rose,Max N. Rose,D,0,0.2405,46.24,41.74,50.74,,D,0
NY,11,Henry Bardel,Henry Bardel,G,0,0,2.8,0.91,5.12,,G,0
NY,12,Carolyn Maloney,Carolyn Maloney,D,1,1,82.1,76.68,87.53,,D,1
NY,12,Scott Hutchins,Scott Hutchins,G,0,0,3.24,1.11,5.88,,G,0
NY,12,Eliot Rabin,Eliot Rabin,R,0,0,14.66,9.24,20.08,,R,0
NY,13,Adriano Espaillat,Adriano Espaillat,D,1,1,92.98,89.78,96.2,,D,1
NY,13,Jineea Butler,Jineea Butler,R,0,0,7.02,3.8,10.22,,R,0
NY,14,Alexandria Ocasio-Cortez,Alexandria Ocasio-Cortez,D,0,1,79.42,74.6,84.24,,D,0
NY,14,Joseph Crowley,Joseph Crowley,W,1,0,3.72,1.36,6.58,,W,1
NY,14,Anthony Pappas,Anthony Pappas,R,0,0,16.86,11.99,21.67,,R,0
NY,15,José E. Serrano,José E. Serrano,D,1,1,95.73,93.26,98.23,,D,1
NY,15,Jason Gonzalez,Jason Gonzalez,R,0,0,4.27,1.77,6.74,,R,0
NY,16,Eliot Engel,Eliot Engel,D,1,1,100,100,100,,D,1
NY,17,Nita Lowey,Nita Lowey,D,1,0.9999,81.34,74.44,87.8,,D,1
NY,17,Joseph Ciardullo,Joseph Ciardullo,R,0,0.0001,18.66,12.2,25.56,,R,0
NY,18,Sean Patrick Maloney,Sean Patrick Maloney,D,1,0.9917,59.89,55.02,64.78,,D,1
NY,18,James O'Donnell,James O'Donnell,R,0,0.0083,40.11,35.22,44.98,,R,0
NY,19,Antonio Delgado,Antonio Delgado,D,0,0.5914,49.23,45.12,53.3,,D,0
NY,19,John Faso,John Faso,R,1,0.4086,47.87,43.78,51.98,,R,1
NY,19,Others,Others,,0,0,2.89,0.95,5.33,,,0
NY,20,Paul D. Tonko,Paul D. Tonko,D,1,1,69.47,64.69,74.24,,D,1
NY,20,Francis Vitollo,Francis Vitollo,R,0,0,30.53,25.76,35.31,,R,0
NY,21,Elise Stefanik,Elise Stefanik,R,1,0.8895,53.13,48.34,57.88,,R,1
NY,21,Tedra L. Cobb,Tedra L. Cobb,D,0,0.1105,44.31,39.52,49.07,,D,0
NY,21,Lynn Kahn,Lynn Kahn,G,0,0,2.56,0.8,4.78,,G,0
NY,22,Anthony Brindisi,Anthony Brindisi,D,0,0.5626,50.48,46.39,54.52,,D,0
NY,22,Claudia Tenney,Claudia Tenney,R,1,0.4374,49.52,45.48,53.61,,R,1
NY,23,Tom Reed,Tom Reed,R,1,0.8293,53.11,48.89,57.29,,R,1
NY,23,Tracy Mitrano,Tracy Mitrano,D,0,0.1707,46.89,42.71,51.11,,D,0
NY,24,John Katko,John Katko,R,1,0.8153,53.13,48.59,57.65,,R,1
NY,24,Dana Balter,Dana Balter,D,0,0.1847,46.87,42.35,51.41,,D,0
NY,25,Joseph D. Morelle,Joseph D. Morelle,D,0,0.9882,58.59,54.08,63.13,,D,0
NY,25,Jim Maxwell,Jim Maxwell,R,0,0.0118,41.41,36.87,45.92,,R,0
NY,26,Brian Higgins,Brian Higgins,D,1,1,73.58,68.85,78.3,,D,1
NY,26,Renee Zeno,Renee Zeno,R,0,0,26.42,21.7,31.15,,R,0
NY,27,Chris Collins,Chris Collins,R,1,0.7088,50.27,45.97,54.53,,R,1
NY,27,Nate McMurray,Nate McMurray,D,0,0.2912,46.81,42.52,51.07,,D,0
NY,27,Larry Piegza,Larry Piegza,R,0,0,2.92,0.96,5.33,,R,0
OH,1,Steve Chabot,Steve Chabot,R,1,0.8292,51.57,47.4,55.72,,R,1
OH,1,Aftab Pureval,Aftab Pureval,D,0,0.1708,45.72,41.55,49.86,,D,0
OH,1,Dirk Kubala,Dirk Kubala,L,0,0,2.71,0.88,5,,L,0
OH,2,Brad Wenstrup,Brad Wenstrup,R,1,0.9761,55.08,50.85,59.29,,R,1
OH,2,Jill Schiller,Jill Schiller,D,0,0.0239,42.22,38.01,46.37,,D,0
OH,2,James Condit Jr.,James Condit Jr.,G,0,0,2.7,0.85,4.99,,G,0
OH,3,Joyce Beatty,Joyce Beatty,D,1,1,74.18,69.46,78.86,,D,1
OH,3,Jim Burgess,Jim Burgess,R,0,0,25.82,21.14,30.54,,R,0
OH,4,Jim Jordan,Jim Jordan,R,1,0.9603,57.07,52.07,62.13,,R,1
OH,4,Janet Garrett,Janet Garrett,D,0,0.0397,42.93,37.87,47.93,,D,0
OH,5,Robert E. Latta,Robert E. Latta,R,1,0.9979,61.03,55.99,65.98,,R,1
OH,5,J. Michael Galbraith,J. Michael Galbraith,D,0,0.0021,35.91,30.93,40.92,,D,0
OH,5,Don Kissick,Don Kissick,L,0,0,3.06,1.04,5.56,,L,0
OH,6,Bill Johnson,Bill Johnson,R,1,0.9999,68.57,63.51,73.6,,R,1
OH,6,Shawna Roberts,Shawna Roberts,D,0,0.0001,31.43,26.4,36.49,,D,0
OH,7,Bob Gibbs,Bob Gibbs,R,1,0.9238,54.68,50.51,58.84,,R,1
OH,7,Ken Harbaugh,Ken Harbaugh,D,0,0.0762,45.32,41.16,49.49,,D,0
OH,8,Warren Davidson,Warren Davidson,R,1,0.9998,66.73,61.8,71.63,,R,1
OH,8,Vanessa Enoch,Vanessa Enoch,D,0,0.0002,33.27,28.37,38.2,,D,0
OH,9,Marcy Kaptur,Marcy Kaptur,D,1,1,70.95,66.26,75.64,,D,1
OH,9,Steven W. Kraus,Steven W. Kraus,R,0,0,29.05,24.36,33.74,,R,0
OH,10,Michael Turner,Michael Turner,R,1,0.8981,53.21,48.32,58.08,,R,1
OH,10,Theresa A. Gasper,Theresa A. Gasper,D,0,0.1019,43.87,38.95,48.77,,D,0
OH,10,David Harlow,David Harlow,L,0,0,2.93,0.97,5.35,,L,0
OH,11,Marcia L. Fudge,Marcia L. Fudge,D,1,1,82.51,77.89,87.16,,D,1
OH,11,Beverly A. Goldstein,Beverly A. Goldstein,R,0,0,17.49,12.84,22.11,,R,0
OH,12,Troy Balderson,Troy Balderson,R,1,0.6568,49.9,45.82,53.95,,R,1
OH,12,Danny O'Connor,Danny O'Connor,D,0,0.3432,47.46,43.42,51.54,,D,0
OH,12,Joe Manchik,Joe Manchik,G,0,0,2.63,0.83,4.9,,G,0
OH,13,Tim Ryan,Tim Ryan,D,1,0.9999,68.09,63.33,72.8,,D,1
OH,13,Chris DePizzo,Chris DePizzo,R,0,0.0001,31.91,27.2,36.67,,R,0
OH,14,David Joyce,David Joyce,R,1,0.8423,53.72,48.92,58.46,,R,1
OH,14,Betsy Rader,Betsy Rader,D,0,0.1577,46.28,41.54,51.08,,D,0
OH,15,Steve Stivers,Steve Stivers,R,1,0.9769,56.29,51.34,61.2,,R,1
OH,15,Rick Neal,Rick Neal,D,0,0.0231,40.72,35.8,45.6,,D,0
OH,15,Johnathan Miller,Johnathan Miller,L,0,0,2.99,0.99,5.45,,L,0
OH,16,Anthony Gonzalez,Anthony Gonzalez,R,0,0.9154,54.87,50.34,59.38,,R,0
OH,16,Susan Moran Palmer,Susan Moran Palmer,D,0,0.0846,45.13,40.62,49.66,,D,0
OK,1,Kevin Hern,Kevin Hern,R,0,0.9983,60.58,56.48,64.61,,R,0
OK,1,Tim Gilpin,Tim Gilpin,D,0,0.0017,39.42,35.39,43.52,,D,0
OK,2,Markwayne Mullin,Markwayne Mullin,R,1,0.9981,62.33,56.41,68.25,,R,1
OK,2,Jason Nichols,Jason Nichols,D,0,0.0019,33.71,27.8,39.54,,D,0
OK,2,Others,Others,,0,0,3.96,1.47,6.95,,,0
OK,3,Frank Lucas,Frank Lucas,R,1,0.9999,71.35,65.81,76.93,,R,1
OK,3,Frankie Robbins,Frankie Robbins,D,0,0.0001,28.65,23.07,34.19,,D,0
OK,4,Tom Cole,Tom Cole,R,1,1,65.96,61.37,70.49,,R,1
OK,4,Mary Brannon,Mary Brannon,D,0,0,30.94,26.38,35.49,,D,0
OK,4,Ruby Peters,Ruby Peters,I,0,0,3.1,1.06,5.64,,I,0
OK,5,Steve Russell,Steve Russell,R,1,0.8586,53.57,49.25,57.82,,R,1
OK,5,Kendra Horn,Kendra Horn,D,0,0.1414,46.43,42.18,50.75,,D,0
OR,1,Suzanne Bonamici,Suzanne Bonamici,D,1,0.9999,65.37,60.4,70.39,,D,1
OR,1,John Verbeek,John Verbeek,R,0,0.0001,30.38,25.31,35.36,,R,0
OR,1,Drew Layda,Drew Layda,L,0,0,4.25,1.64,7.4,,L,0
OR,2,Greg Walden,Greg Walden,R,1,0.9899,57.09,52.02,62.14,,R,1
OR,2,Jamie McLeod-Skinner,Jamie McLeod-Skinner,D,0,0.01,38.8,33.77,43.82,,D,0
OR,2,Mark Roberts,Mark Roberts,I,0,0,4.11,1.57,7.17,,I,0
OR,3,Earl Blumenauer,Earl Blumenauer,D,1,1,83.51,76.81,89.76,,D,1
OR,3,Others,Others,,0,0,16.49,10.24,23.19,,,0
OR,4,Peter DeFazio,Peter DeFazio,D,1,0.9957,58.74,53.7,63.73,,D,1
OR,4,Arthur B. Robinson,Arthur B. Robinson,R,0,0.0043,37.23,32.19,42.2,,R,0
OR,4,Michael Bellstein,Michael Bellstein,G,0,0,4.03,1.52,7.03,,G,0
OR,5,Kurt Schrader,Kurt Schrader,D,1,0.8524,53.1,46.46,59.8,,D,1
OR,5,Mark Callahan,Mark Callahan,R,0,0.1476,42.65,35.92,49.3,,R,0
OR,5,Others,Others,,0,0,4.25,1.65,7.37,,,0
PA,1,Brian Fitzpatrick,Brian Fitzpatrick,R,1,0.5703,50.56,46.5,54.53,,R,1
PA,1,Scott Wallace,Scott Wallace,D,0,0.4297,49.44,45.47,53.5,,D,0
PA,2,Brendan Boyle,Brendan Boyle,D,1,1,79.32,74.69,83.99,,D,1
PA,2,David Torres,David Torres,R,0,0,20.68,16.01,25.31,,R,0
PA,3,Dwight Evans,Dwight Evans,D,1,1,92.65,89.56,95.78,,D,1
PA,3,Bryan E. Leib,Bryan E. Leib,R,0,0,7.35,4.22,10.44,,R,0
PA,4,Madeleine Dean,Madeleine Dean,D,0,0.9989,63.55,58.66,68.46,,D,0
PA,4,Dan David,Dan David,R,0,0.0011,36.45,31.54,41.34,,R,0
PA,5,Mary Gay Scanlon,Mary Gay Scanlon,D,0,0.9999,68.58,63.71,73.38,,D,0
PA,5,Pearl Kim,Pearl Kim,R,0,0.0001,31.42,26.62,36.29,,R,0
PA,6,Chrissy Houlahan,Chrissy Houlahan,D,0,0.9895,59.3,54.49,64.09,,D,0
PA,6,Greg McCauley,Greg McCauley,R,0,0.0105,40.7,35.91,45.51,,R,0
PA,7,Susan Wild,Susan Wild,D,0,0.9476,54.03,49.6,58.39,,D,0
PA,7,Marty Nothstein,Marty Nothstein,R,0,0.0524,43.09,38.66,47.48,,R,0
PA,7,Tim Silfies,Tim Silfies,L,0,0,2.88,0.94,5.28,,L,0
PA,8,Matt Cartwright,Matt Cartwright,D,1,0.959,55.62,51.57,59.71,,D,1
PA,8,John Chrin,John Chrin,R,0,0.041,44.38,40.29,48.43,,R,0
PA,9,Dan Meuser,Dan Meuser,R,0,0.9978,60.89,56.55,65.21,,R,0
PA,9,Denny Wolff,Denny Wolff,D,0,0.0022,39.11,34.79,43.45,,D,0
PA,10,Scott Perry,Scott Perry,R,1,0.6729,51.32,47.44,55.19,,R,1
PA,10,George Scott,George Scott,D,0,0.3271,48.68,44.81,52.56,,D,0
PA,11,Lloyd Smucker,Lloyd Smucker,R,1,0.9317,54.8,50.76,58.88,,R,1
PA,11,Jess King,Jess King,D,0,0.0683,45.2,41.12,49.24,,D,0
PA,12,Tom Marino,Tom Marino,R,1,0.9999,66.59,61.66,71.43,,R,1
PA,12,Marc Friedenberg,Marc Friedenberg,D,0,0.0001,33.41,28.57,38.34,,D,0
PA,13,John Joyce,John Joyce,R,0,0.9998,65.8,60.96,70.68,,R,0
PA,13,Brent Ottaway,Brent Ottaway,D,0,0.0002,34.2,29.32,39.04,,D,0
PA,14,Guy Reschenthaler,Guy Reschenthaler,R,0,0.9922,60.14,55.18,65.09,,R,0
PA,14,Bibiana Boerio,Bibiana Boerio,D,0,0.0078,39.86,34.91,44.82,,D,0
PA,15,Glenn W. Thompson,Glenn W. Thompson,R,1,1,71.34,66.25,76.45,,R,1
PA,15,Susan Boser,Susan Boser,D,0,0,28.66,23.55,33.75,,D,0
PA,16,Mike Kelly,Mike Kelly,R,1,0.8718,52.59,48.14,56.98,,R,1
PA,16,Ron DiNicola,Ron DiNicola,D,0,0.1282,45.04,40.65,49.42,,D,0
PA,16,Ebert G Bill Beeman,Ebert G Bill Beeman,L,0,0,2.37,0.73,4.44,,L,0
PA,17,Conor Lamb,Conor Lamb,D,1,0.955,55.35,51.36,59.31,,D,1
PA,17,Keith Rothfus,Keith Rothfus,R,1,0.045,44.65,40.69,48.64,,R,1
PA,18,Mike Doyle,Mike Doyle,D,1,1,100,100,100,,D,1
RI,1,David Cicilline,David Cicilline,D,1,0.9999,71.46,66.4,76.49,,D,1
RI,1,Patrick Donovan,Patrick Donovan,R,0,0.0001,28.54,23.51,33.6,,R,0
RI,2,Jim Langevin,Jim Langevin,D,1,0.9998,69.03,64.14,74.01,,D,1
RI,2,Salvatore Caiozzo,Salvatore Caiozzo,R,0,0.0002,30.97,25.99,35.86,,R,0
SC,1,Katie Arrington,Katie Arrington,R,0,0.9106,54.1,50.2,58,,R,0
SC,1,Joe Cunningham,Joe Cunningham,D,0,0.0894,45.9,42,49.8,,D,0
SC,2,Joe Wilson,Joe Wilson,R,1,0.9927,58.8,53.76,63.84,,R,1
SC,2,Sean Carrigan,Sean Carrigan,D,0,0.0073,38.37,33.34,43.41,,D,0
SC,2,Sonny Narang,Sonny Narang,A,0,0,2.83,0.92,5.18,,A,0
SC,3,Jeff Duncan,Jeff Duncan,R,1,0.9996,63.77,58.7,68.76,,R,1
SC,3,Mary Geren,Mary Geren,D,0,0.0004,33.25,28.22,38.31,,D,0
SC,3,Dave Moore,Dave Moore,A,0,0,2.98,0.99,5.46,,A,0
SC,4,William Timmons,William Timmons,R,0,0.9999,65.26,60.29,70.15,,R,0
SC,4,Brandon Brown,Brandon Brown,D,0,0.0001,31.36,26.41,36.31,,D,0
SC,4,Guy Furay,Guy Furay,A,0,0,3.38,1.19,6.06,,A,0
SC,5,Ralph Norman,Ralph Norman,R,1,0.9867,57.26,52.27,62.15,,R,1
SC,5,Archie Parnell,Archie Parnell,D,0,0.0133,39.93,35.02,44.9,,D,0
SC,5,Michael Chandler,Michael Chandler,C,0,0,2.81,0.92,5.15,,C,0
SC,6,James E. Clyburn,James E. Clyburn,D,1,1,72.53,67.39,77.63,,D,1
SC,6,Bryan Pugh,Bryan Pugh,G,0,0,2.93,0.98,5.37,,G,0
SC,6,Gerhard Gressmann,Gerhard Gressmann,R,0,0,24.54,19.44,29.64,,R,0
SC,7,Tom Rice,Tom Rice,R,1,0.9935,60.13,55.32,64.88,,R,1
SC,7,Robert Williams,Robert Williams,D,0,0.0065,39.87,35.12,44.68,,D,0
SD,1,Dusty Johnson,Dusty Johnson,R,0,0.9973,57.72,53.13,62.23,,R,0
SD,1,Tim Bjorkman,Tim Bjorkman,D,0,0.0027,37.63,33.06,42.14,,D,0
SD,1,Others,Others,,0,0,4.66,1.85,8.02,,,0
TN,1,Phil Roe,Phil Roe,R,1,1,73.27,68.11,78.45,,R,1
TN,1,Marty Olsen,Marty Olsen,D,0,0,23.51,18.29,28.67,,D,0
TN,1,Michael Salyer,Michael Salyer,I,0,0,3.22,1.1,5.82,,I,0
TN,2,Tim Burchett,Tim Burchett,R,0,0.9998,64.09,59.07,69.08,,R,0
TN,2,Renee Hoyos,Renee Hoyos,D,0,0.0002,31.13,26.11,36.07,,D,0
TN,2,Others,Others,,0,0,4.78,1.92,8.18,,,0
TN,3,Chuck Fleischmann,Chuck Fleischmann,R,1,0.9995,63.5,58.35,68.59,,R,1
TN,3,Danielle Mitchell,Danielle Mitchell,D,0,0.0005,33.48,28.36,38.55,,D,0
TN,3,Rick Tyler,Rick Tyler,I,0,0,3.02,1.02,5.46,,I,0
TN,4,Scott DesJarlais,Scott DesJarlais,R,1,0.9938,58.83,53.7,63.91,,R,1
TN,4,Mariah Phillips,Mariah Phillips,D,0,0.0062,38.11,32.96,43.18,,D,0
TN,4,Michael Shupe,Michael Shupe,I,0,0,3.07,1.02,5.56,,I,0
TN,5,Jim Cooper,Jim Cooper,D,1,0.9999,68.4,63.88,72.98,,D,1
TN,5,Jody M. Ball,Jody M. Ball,R,0,0.0001,31.6,27.02,36.12,,R,0
TN,6,John Rose,John Rose,R,0,1,69.31,64.11,74.47,,R,0
TN,6,Dawn Barlow,Dawn Barlow,D,0,0,26.59,21.44,31.74,,D,0
TN,6,Others,Others,,0,0,4.1,1.56,7.17,,,0
TN,7,Mark E. Green,Mark E. Green,R,0,0.9998,65.03,59.8,70.2,,R,0
TN,7,Justin Kanew,Justin Kanew,D,0,0.0002,30.97,25.82,36.15,,D,0
TN,7,Others,Others,,0,0,3.99,1.49,7.01,,,0
TN,8,David Kustoff,David Kustoff,R,1,0.9999,68.39,63.31,73.42,,R,1
TN,8,Erika Stotts Pearson,Erika Stotts Pearson,D,0,0.0001,28.58,23.55,33.61,,D,0
TN,8,James Hart,James Hart,I,0,0,3.04,1.02,5.53,,I,0
TN,9,Steve Cohen,Steve Cohen,D,1,1,76.6,71.26,81.85,,D,1
TN,9,Leo AwGoWhat,Leo AwGoWhat,I,0,0,3.18,1.09,5.73,,I,0
TN,9,Charlotte Bergmann,Charlotte Bergmann,R,0,0,20.23,14.94,25.52,,R,0
TX,1,Louie Gohmert,Louie Gohmert,R,1,1,70.93,65.75,76.01,,R,1
TX,1,Shirley McKellar,Shirley McKellar,D,0,0,25.88,20.75,31.03,,D,0
TX,1,Jeff Callaway,Jeff Callaway,L,0,0,3.18,1.09,5.73,,L,0
TX,2,Dan Crenshaw,Dan Crenshaw,R,0,0.8905,52.4,47.74,56.96,,R,0
TX,2,Todd Litton,Todd Litton,D,0,0.1095,43.97,39.39,48.6,,D,0
TX,2,Others,Others,,0,0,3.63,1.31,6.44,,,0
TX,3,Van Taylor,Van Taylor,R,0,0.9926,58.37,53.21,63.52,,R,0
TX,3,Lorie Burch,Lorie Burch,D,0,0.0074,38.2,33,43.32,,D,0
TX,3,Christopher Claytor,Christopher Claytor,L,0,0,3.43,1.2,6.17,,L,0
TX,4,John Ratcliffe,John Ratcliffe,R,1,1,74.76,69.68,79.84,,R,1
TX,4,Catherine Krantz,Catherine Krantz,D,0,0,22,16.9,27.05,,D,0
TX,4,Ken Ashby,Ken Ashby,L,0,0,3.24,1.11,5.85,,L,0
TX,5,Lance Gooden,Lance Gooden,R,0,0.9997,64.79,59.98,69.57,,R,0
TX,5,Dan Wood,Dan Wood,D,0,0.0003,35.21,30.43,40.02,,D,0
TX,6,Ron Wright,Ron Wright,R,0,0.9405,53.42,49.16,57.64,,R,0
TX,6,Jana Lynne Sanchez,Jana Lynne Sanchez,D,0,0.0595,43.46,39.2,47.66,,D,0
TX,6,Jason Harber,Jason Harber,L,0,0,3.12,1.05,5.65,,L,0
TX,7,Lizzie Pannill Fletcher,Lizzie Pannill Fletcher,D,0,0.5189,50.16,45.8,54.52,,D,0
TX,7,John Culberson,John Culberson,R,1,0.4811,49.84,45.48,54.2,,R,1
TX,8,Kevin Brady,Kevin Brady,R,1,1,75.97,70.96,80.97,,R,1
TX,8,Steven David,Steven David,D,0,0,20.8,15.78,25.76,,D,0
TX,8,Chris Duncan,Chris Duncan,L,0,0,3.23,1.11,5.87,,L,0
TX,9,Al Green,Al Green,D,1,1,85.19,78.68,91.21,,D,1
TX,9,Others,Others,,0,0,14.81,8.79,21.32,,,0
TX,10,Michael T. McCaul,Michael T. McCaul,R,1,0.9361,53.9,49.04,58.76,,R,1
TX,10,Mike Siegel,Mike Siegel,D,0,0.0639,42.73,37.83,47.57,,D,0
TX,10,Mike Ryan,Mike Ryan,L,0,0,3.37,1.17,6.04,,L,0
TX,11,K. Michael Conaway,K. Michael Conaway,R,1,1,78.4,73.3,83.42,,R,1
TX,11,Jennie Lou Leeder,Jennie Lou Leeder,D,0,0,18.29,13.25,23.37,,D,0
TX,11,Rhett Rosenquest Smith,Rhett Rosenquest Smith,L,0,0,3.31,1.15,5.98,,L,0
TX,12,Kay Granger,Kay Granger,R,1,1,65.67,61.52,69.78,,R,1
TX,12,Vanessa Adia,Vanessa Adia,D,0,0,31.77,27.61,35.91,,D,0
TX,12,Jacob Leddy,Jacob Leddy,L,0,0,2.56,0.8,4.76,,L,0
TX,13,Mac Thornberry,Mac Thornberry,R,1,1,80,75.13,84.88,,R,1
TX,13,Greg Sagan,Greg Sagan,D,0,0,16.65,11.73,21.52,,D,0
TX,13,Calvin DeWeese,Calvin DeWeese,L,0,0,3.35,1.17,6.04,,L,0
TX,14,Randy Weber,Randy Weber,R,1,0.9904,58.41,53.25,63.52,,R,1
TX,14,Adrienne Bell,Adrienne Bell,D,0,0.0096,38.66,33.54,43.78,,D,0
TX,14,Don Conley III,Don Conley III,L,0,0,2.94,0.97,5.34,,L,0
TX,15,Vicente Gonzalez,Vicente Gonzalez,D,1,0.9998,65.37,59.99,70.72,,D,1
TX,15,Tim Westley,Tim Westley,R,0,0.0002,31.83,26.46,37.14,,R,0
TX,15,Anthony Cristo,Anthony Cristo,L,0,0,2.8,0.91,5.15,,L,0
TX,16,Veronica Escobar,Veronica Escobar,D,0,1,69.64,64.24,75.07,,D,0
TX,16,Ben Mendoza,Ben Mendoza,I,0,0,3.49,1.24,6.22,,I,0
TX,16,Rick Seeberger,Rick Seeberger,R,0,0,26.87,21.45,32.23,,R,0
TX,17,Bill Flores,Bill Flores,R,1,0.9981,59.01,54.82,63.16,,R,1
TX,17,Rick Kennedy,Rick Kennedy,D,0,0.0019,38.74,34.58,42.93,,D,0
TX,17,Peter Churchman,Peter Churchman,L,0,0,2.25,0.66,4.23,,L,0
TX,18,Sheila Jackson Lee,Sheila Jackson Lee,D,1,1,76.13,70.81,81.52,,D,1
TX,18,Ava Reynero Pate,Ava Reynero Pate,R,0,0,20.32,14.96,25.62,,R,0
TX,18,Others,Others,,0,0,3.55,1.27,6.33,,,0
TX,19,Jodey Arrington,Jodey Arrington,R,1,1,76.8,71.91,81.67,,R,1
TX,19,Miguel Levario,Miguel Levario,D,0,0,23.2,18.33,28.09,,D,0
TX,20,Joaquin Castro,Joaquin Castro,D,1,0.9998,81.84,75.07,88.21,,D,1
TX,20,Jeffrey Blunt,Jeffrey Blunt,L,0,0.0002,18.16,11.79,24.93,,L,0
TX,21,Chip Roy,Chip Roy,R,0,0.851,51.37,46.98,55.75,,R,0
TX,21,Joseph Kopser,Joseph Kopser,D,0,0.1489,44.78,40.38,49.12,,D,0
TX,21,Lee Santos,Lee Santos,L,0,0.0001,3.84,1.42,6.78,,L,0
TX,22,Pete Olson,Pete Olson,R,1,0.7996,51.6,46.42,56.76,,R,1
TX,22,Sri Preston Kulkarni,Sri Preston Kulkarni,D,0,0.2004,45.16,40.01,50.3,,D,0
TX,22,Others,Others,,0,0,3.24,1.11,5.85,,,0
TX,23,Will Hurd,Will Hurd,R,1,0.774,51.95,46.26,57.53,,R,1
TX,23,Gina Ortiz Jones,Gina Ortiz Jones,D,0,0.226,45.55,39.94,51.21,,D,0
TX,23,Ruben Corvalan,Ruben Corvalan,L,0,0,2.5,0.77,4.66,,L,0
TX,24,Kenny Marchant,Kenny Marchant,R,1,0.9671,56.95,52.23,61.65,,R,1
TX,24,Jan McDowell,Jan McDowell,D,0,0.0329,43.05,38.35,47.77,,D,0
TX,25,Roger Williams,Roger Williams,R,1,0.8745,52.8,47.83,57.68,,R,1
TX,25,Julie Oliver,Julie Oliver,D,0,0.1255,44.29,39.38,49.22,,D,0
TX,25,Desarae Lindsey,Desarae Lindsey,L,0,0,2.91,0.97,5.34,,L,0
TX,26,Michael Burgess,Michael Burgess,R,1,0.9995,63.5,58.4,68.61,,R,1
TX,26,Linsey Fagan,Linsey Fagan,D,0,0.0005,33.47,28.31,38.56,,D,0
TX,26,Mark Boler,Mark Boler,L,0,0,3.03,1.02,5.5,,L,0
TX,27,Michael Cloud,Michael Cloud,R,1,0.9982,61.72,56.47,66.94,,R,1
TX,27,Eric Holguin,Eric Holguin,D,0,0.0018,34.94,29.64,40.16,,D,0
TX,27,Others,Others,,0,0,3.33,1.16,5.98,,,0
TX,28,Henry Cuellar,Henry Cuellar,D,1,0.9999,81.04,74.14,87.55,,D,1
TX,28,Arthur Thomas IV,Arthur Thomas IV,L,0,0.0001,18.96,12.45,25.86,,L,0
TX,29,Sylvia R. Garcia,Sylvia R. Garcia,D,0,1,71.06,65.11,76.96,,D,0
TX,29,Cullen Burns,Cullen Burns,L,0,0,3.54,1.27,6.3,,L,0
TX,29,Phillip Aronoff,Phillip Aronoff,R,0,0,25.4,19.49,31.29,,R,0
TX,30,Eddie Bernice Johnson,Eddie Bernice Johnson,D,1,1,88.38,82.41,93.73,,D,1
TX,30,Shawn Jones,Shawn Jones,L,0,0,11.62,6.27,17.59,,L,0
TX,31,John Carter,John Carter,R,1,0.9287,53.75,49.16,58.3,,R,1
TX,31,Mary Jennings Hegar,Mary Jennings Hegar,D,0,0.0713,43.56,38.97,48.12,,D,0
TX,31,Jason Hope,Jason Hope,L,0,0,2.69,0.85,4.97,,L,0
TX,32,Pete Sessions,Pete Sessions,R,1,0.7093,50.57,46.17,54.96,,R,1
TX,32,Colin Allred,Colin Allred,D,0,0.2907,47.05,42.63,51.44,,D,0
TX,32,Melina Baker,Melina Baker,L,0,0,2.38,0.71,4.48,,L,0
TX,33,Marc Veasey,Marc Veasey,D,1,1,73.96,68.2,79.68,,D,1
TX,33,Jason Reeves,Jason Reeves,L,0,0,3.09,1.04,5.61,,L,0
TX,33,Willie Billups,Willie Billups,R,0,0,22.95,17.24,28.69,,R,0
TX,34,Filemon Vela,Filemon Vela,D,1,0.9997,68.06,62.63,73.51,,D,1
TX,34,Rey Gonzalez,Rey Gonzalez,R,0,0.0003,31.94,26.49,37.37,,R,0
TX,35,Lloyd Doggett,Lloyd Doggett,D,1,1,69.05,63.75,74.38,,D,1
TX,35,Clark Patterson,Clark Patterson,L,0,0,2.94,0.96,5.37,,L,0
TX,35,David Smalling,David Smalling,R,0,0,28.01,22.68,33.26,,R,0
TX,36,Brian Babin,Brian Babin,R,1,1,70.54,65.61,75.42,,R,1
TX,36,Dayna Steele,Dayna Steele,D,0,0,29.46,24.58,34.39,,D,0
UT,1,Rob Bishop,Rob Bishop,R,1,0.9998,61.06,55.39,66.61,,R,1
UT,1,Lee Castillo,Lee Castillo,D,0,0.0002,28.15,22.51,33.75,,D,0
UT,1,Others,Others,,0,0,10.79,5.97,16.14,,,0
UT,2,Chris Stewart,Chris Stewart,R,1,0.9831,54.48,48.99,59.94,,R,1
UT,2,Shireen Ghorbani,Shireen Ghorbani,D,0,0.0168,37.31,31.74,42.7,,D,0
UT,2,Jeffrey Whipple,Jeffrey Whipple,L,0,0.0001,8.21,4.15,12.84,,L,0
UT,3,John R. Curtis,John R. Curtis,R,1,0.9999,64.33,58.28,70.2,,R,1
UT,3,James Singer,James Singer,D,0,0.0001,25.99,19.99,31.91,,D,0
UT,3,Others,Others,,0,0,9.69,5.19,14.75,,,0
UT,4,Ben McAdams,Ben McAdams,D,0,0.612,50.88,46.75,55.01,,D,0
UT,4,Mia Love,Mia Love,R,1,0.388,49.12,44.99,53.25,,R,1
VA,1,Robert J. Wittman,Robert J. Wittman,R,1,0.9697,57.16,52.38,61.9,,R,1
VA,1,Vangie Williams,Vangie Williams,D,0,0.0303,42.84,38.1,47.62,,D,0
VA,2,Scott Taylor,Scott Taylor,R,1,0.7106,51.62,47.8,55.47,,R,1
VA,2,Elaine Luria,Elaine Luria,D,0,0.2894,48.38,44.53,52.2,,D,0
VA,3,Robert C. Scott,Robert C. Scott,D,1,1,100,100,100,,D,1
VA,4,A. Donald McEachin,A. Donald McEachin,D,1,0.9992,62.47,57.4,67.46,,D,1
VA,4,Ryan McAdams,Ryan McAdams,R,0,0.0008,34.54,29.56,39.52,,R,0
VA,4,Pete Wells,Pete Wells,L,0,0,3,1.01,5.45,,L,0
VA,5,Denver Riggleman,Denver Riggleman,R,0,0.5422,50.32,46.34,54.27,,R,0
VA,5,Leslie Cockburn,Leslie Cockburn,D,0,0.4578,49.68,45.73,53.66,,D,0
VA,6,Ben Cline,Ben Cline,R,0,0.9946,60.46,55.65,65.22,,R,0
VA,6,Jennifer Lewis,Jennifer Lewis,D,0,0.0054,39.54,34.78,44.35,,D,0
VA,7,Dave Brat,Dave Brat,R,1,0.5838,49.25,45.29,53.15,,R,1
VA,7,Abigail Spanberger,Abigail Spanberger,D,0,0.4162,48.04,44.12,51.94,,D,0
VA,7,Joe Walton,Joe Walton,L,0,0,2.72,0.87,5.01,,L,0
VA,8,Don Beyer,Don Beyer,D,1,1,75.78,70.78,80.81,,D,1
VA,8,Thomas Oh,Thomas Oh,R,0,0,24.22,19.19,29.22,,R,0
VA,9,Morgan Griffith,Morgan Griffith,R,1,0.9928,60.5,55.37,65.61,,R,1
VA,9,Anthony Flaccavento,Anthony Flaccavento,D,0,0.0072,39.5,34.39,44.63,,D,0
VA,10,Jennifer Wexton,Jennifer Wexton,D,0,0.8869,53.77,49.77,57.8,,D,0
VA,10,Barbara Comstock,Barbara Comstock,R,1,0.1131,46.23,42.2,50.23,,R,1
VA,11,Gerald E. Connolly,Gerald E. Connolly,D,1,0.9999,67.01,61.77,72.26,,D,1
VA,11,Jeff Dove,Jeff Dove,R,0,0.0001,29.87,24.63,35.03,,R,0
VA,11,Stevan Porter,Stevan Porter,L,0,0,3.12,1.05,5.67,,L,0
VT,1,Peter Welch,Peter Welch,D,1,1,72.21,66.51,77.88,,D,1
VT,1,Anya Tynio,Anya Tynio,R,0,0,21.9,16.19,27.53,,R,0
VT,1,Others,Others,,0,0,5.89,2.57,9.72,,,0
WA,1,Suzan DelBene,Suzan DelBene,D,1,0.9991,63.99,59.1,68.9,,D,1
WA,1,Jeffrey Beeler,Jeffrey Beeler,R,0,0.0009,36.01,31.1,40.9,,R,0
WA,2,Rick Larsen,Rick Larsen,D,1,0.9996,77.63,70.6,84.33,,D,1
WA,2,Brian Luke,Brian Luke,L,0,0.0004,22.37,15.67,29.4,,L,0
WA,3,Jaime Herrera Beutler,Jaime Herrera Beutler,R,1,0.7369,51.97,48,55.99,,R,1
WA,3,Carolyn Long,Carolyn Long,D,0,0.2631,48.03,44.01,52,,D,0
WA,4,Dan Newhouse,Dan Newhouse,R,1,0.9961,61.43,56.35,66.44,,R,1
WA,4,Christine Brown,Christine Brown,D,0,0.0039,38.57,33.56,43.65,,D,0
WA,5,Cathy McMorris Rodgers,Cathy McMorris Rodgers,R,1,0.7612,52.37,48.05,56.62,,R,1
WA,5,Lisa Brown,Lisa Brown,D,0,0.2388,47.63,43.38,51.95,,D,0
WA,6,Derek Kilmer,Derek Kilmer,D,1,0.9998,66.82,61.98,71.71,,D,1
WA,6,Douglas Dightman,Douglas Dightman,R,0,0.0002,33.18,28.29,38.02,,R,0
WA,7,Pramila Jayapal,Pramila Jayapal,D,1,1,84.36,79.89,88.86,,D,1
WA,7,Craig Keller,Craig Keller,R,0,0,15.64,11.14,20.11,,R,0
WA,8,Kim Schrier,Kim Schrier,D,0,0.5075,50.04,45.6,54.49,,D,0
WA,8,Dino Rossi,Dino Rossi,R,0,0.4925,49.96,45.51,54.4,,R,0
WA,9,Adam Smith,Adam Smith,D,1,0.9855,61.72,54.84,68.73,,D,1
WA,9,Sarah Smith,Sarah Smith,D,0,0.0145,38.28,31.27,45.16,,D,0
WA,10,Denny Heck,Denny Heck,D,1,0.9996,65.28,60.53,70.08,,D,1
WA,10,Joseph Brumbles,Joseph Brumbles,R,0,0.0004,34.72,29.92,39.47,,R,0
WI,1,Bryan Steil,Bryan Steil,R,0,0.7783,50.86,46.51,55.08,,R,0
WI,1,Randy Bryce,Randy Bryce,D,0,0.2217,46.02,41.74,50.32,,D,0
WI,1,Ken Yorgan,Ken Yorgan,I,0,0,3.12,1.07,5.65,,I,0
WI,2,Mark Pocan,Mark Pocan,D,1,1,100,100,100,,D,1
WI,3,Ron Kind,Ron Kind,D,1,0.9969,61.83,56.94,66.69,,D,1
WI,3,Steve Toft,Steve Toft,R,0,0.0031,38.17,33.31,43.06,,R,0
WI,4,Gwen Moore,Gwen Moore,D,1,1,75.71,70.72,80.69,,D,1
WI,4,Robert R. Raymond,Robert R. Raymond,I,0,0,3.31,1.15,5.96,,I,0
WI,4,Tim Rogers,Tim Rogers,R,0,0,20.98,15.99,25.94,,R,0
WI,5,F. James Sensenbrenner,F. James Sensenbrenner,R,1,0.9886,59.43,54.45,64.41,,R,1
WI,5,Tom Palzewicz,Tom Palzewicz,D,0,0.0114,40.57,35.59,45.55,,D,0
WI,6,Glenn Grothman,Glenn Grothman,R,1,0.7304,51.9,47.9,55.87,,R,1
WI,6,Dan Kohl,Dan Kohl,D,0,0.2696,48.1,44.13,52.1,,D,0
WI,7,Sean P. Duffy,Sean P. Duffy,R,1,0.9932,58.97,53.76,64.1,,R,1
WI,7,Margaret Engebretson,Margaret Engebretson,D,0,0.0068,38.02,32.82,43.13,,D,0
WI,7,Ken Driessen,Ken Driessen,D,0,0,3.01,1.01,5.46,,D,0
WI,8,Mike Gallagher,Mike Gallagher,R,1,0.9953,60.94,56.01,65.82,,R,1
WI,8,Beau Liegeois,Beau Liegeois,D,0,0.0047,39.06,34.18,43.99,,D,0
WV,1,David McKinley,David McKinley,R,1,0.9996,62.66,58.54,66.7,,R,1
WV,1,Kendra Fershee,Kendra Fershee,D,0,0.0004,37.34,33.3,41.46,,D,0
WV,2,Alex Mooney,Alex Mooney,R,1,0.9329,53.74,49.01,58.45,,R,1
WV,2,Talley Sergent,Talley Sergent,D,0,0.0671,43.1,38.38,47.8,,D,0
WV,2,Daniel Lutz Jr.,Daniel Lutz Jr.,M,0,0,3.16,1.09,5.68,,M,0
WV,3,Carol Miller,Carol Miller,R,0,0.9247,55.75,50.62,60.91,,R,0
WV,3,Richard Ojeda,Richard Ojeda,D,0,0.0753,44.25,39.09,49.38,,D,0
WY,1,Liz Cheney,Liz Cheney,R,1,1,67.16,61.73,72.57,,R,1
WY,1,Greg Hunter,Greg Hunter,D,0,0,27.88,22.43,33.31,,D,0
WY,1,Others,Others,,0,0,4.96,2.03,8.41,,,0